_id,recorded_at,overall_score,role,difficulty,source,session_id,jdId,questionId,keywordRelevance,starMethodScore,vocabularyDiversity,coherenceScore,professionalTerminologyScore,overallContentScore,comp_technical,comp_clarity,comp_confidence,comp_conciseness,comp_engagement,jd_traceable,raw_additional,raw_comprehensive
6999f84c79b9c21ef1601713,2026-02-21 18:24:12.758000+00:00,34.0,,medium,practice,,,,50.0,0.0,100.0,0.0,0.0,24.0,0.0,0.0,0.0,0.0,0.0,False,"{'source': 'practice', 'teacherEvaluation': {'score': 20, 'feedback': ""The response is brief and lacks relevant details. It's essential to provide a clear and concise overview of your background, education, and relevant experiences to make a strong impression."", 'competencies': None, 'status': None, 'followUpQuestion': None}, 'clientTimestamp': 1771698252747.0}","{'overallScore': 34, 'categoryScores': {'content': 24, 'delivery': 75, 'engagement': 70, 'professionalism': 80}, 'strengths': ['Good speaking pace and rhythm'], 'improvements': ['Structure responses using the STAR method (Situation, Task, Action, Result)'], 'recommendations': ['Practice recording yourself to improve self-awareness', 'Prepare structured examples using the STAR method', 'Research the company and role thoroughly before interviews'], 'nextSteps': ['Continue practicing interview responses with mock questions', 'Record mock interviews monthly to track progress'], 'feedback': '', 'status': 'unknown', 'followUp': '', 'competencies': {'technical': 0, 'clarity': 0, 'confidence': 0, 'conciseness': 0, 'engagement': 0}}"
6999f8b379b9c21ef160171e,2026-02-21 18:25:55.906000+00:00,34.0,,medium,live,,,,50.0,0.0,91.7,50.0,0.0,28.0,0.0,0.0,0.0,0.0,0.0,False,"{'source': 'live', 'persona': 'technical', 'teacherEvaluation': {'score': 20, 'feedback': 'The candidate attempted to answer the question but struggled to provide a clear and accurate response. They should focus on using the STAR method to structure their answer and ensure technical accuracy.', 'competencies': None, 'status': None, 'followUpQuestion': None}, 'mlMetrics': {'confidence': 40, 'clarity': 82, 'engagement': 25, 'overall': 23, 'audioLevel': 3, 'isSpeaking': False, 'feedback': 'Listening for your voice... Please speak clearly.'}, 'videoFeedback': {'faceDetectionRate': 0.9084125634495988, 'avgEyeContact': 0.7129831600543499, 'avgSmile': 0.2631349505818231, 'confidence': 0.8032292507081362, 'stressLevel': 0.2176006580963854, 'engagement': 0.5673198549734779, 'postureScore': 0.7242120547456148, 'gestureScore': 0.5381324000197955, 'movementStability': 0.7945527918045403, 'nervousness': 0.2825190784289522}, 'clientTimestamp': 1771698355900.0}","{'overallScore': 34, 'categoryScores': {'content': 28, 'delivery': 75, 'engagement': 70, 'professionalism': 80}, 'strengths': ['Good speaking pace and rhythm'], 'improvements': ['Structure responses using the STAR method (Situation, Task, Action, Result)'], 'recommendations': ['Practice recording yourself to improve self-awareness', 'Prepare structured examples using the STAR method', 'Research the company and role thoroughly before interviews'], 'nextSteps': ['Continue practicing interview responses with mock questions', 'Record mock interviews monthly to track progress'], 'feedback': '', 'status': 'unknown', 'followUp': '', 'competencies': {'technical': 0, 'clarity': 0, 'confidence': 0, 'conciseness': 0, 'engagement': 0}}"
6999f8dc79b9c21ef1601720,2026-02-21 18:26:36.105000+00:00,45.0,,medium,live,,,,50.0,0.0,100.0,50.0,0.0,21.0,0.0,0.0,0.0,0.0,0.0,False,"{'source': 'live', 'persona': 'technical', 'teacherEvaluation': {'score': 40, 'feedback': 'The candidate needs to provide a clear and concise explanation of overfitting and a solution to mitigate it. This will demonstrate their understanding of the concept and their ability to apply it in practice.', 'competencies': None, 'status': None, 'followUpQuestion': None}, 'mlMetrics': {'confidence': 41, 'clarity': 100, 'engagement': 25, 'overall': 37, 'audioLevel': 15, 'isSpeaking': True, 'feedback': 'No face detected. Position yourself in front of camera.'}, 'videoFeedback': {'faceDetectionRate': 0.997567681350067, 'avgEyeContact': 0.690990738898004, 'avgSmile': 0.3519955670053613, 'confidence': 0.8032692325064058, 'stressLevel': 0.2786689468823619, 'engagement': 0.5839385099466754, 'postureScore': 0.7467761174525317, 'gestureScore': 0.575060058939988, 'movementStability': 0.8270754844204751, 'nervousness': 0.2802494305399431}, 'clientTimestamp': 1771698396101.0}","{'overallScore': 45, 'categoryScores': {'content': 21, 'delivery': 75, 'engagement': 70, 'professionalism': 80}, 'strengths': ['Good speaking pace and rhythm'], 'improvements': ['Structure responses using the STAR method (Situation, Task, Action, Result)'], 'recommendations': ['Practice recording yourself to improve self-awareness', 'Prepare structured examples using the STAR method', 'Research the company and role thoroughly before interviews'], 'nextSteps': ['Continue practicing interview responses with mock questions', 'Record mock interviews monthly to track progress'], 'feedback': '', 'status': 'unknown', 'followUp': '', 'competencies': {'technical': 0, 'clarity': 0, 'confidence': 0, 'conciseness': 0, 'engagement': 0}}"
6999f8fb79b9c21ef1601725,2026-02-21 18:27:07.834000+00:00,57.0,,medium,live,,,,50.0,0.0,100.0,50.0,0.0,21.0,0.0,0.0,0.0,0.0,0.0,False,"{'source': 'live', 'persona': 'technical', 'teacherEvaluation': {'score': 60, 'feedback': 'The candidate should have provided a clear and concise explanation of the concept, including the technical details and advantages of gradient boosting in decision tree algorithms. They should also have used the STAR method to structure their response and provide specific examples.', 'competencies': None, 'status': None, 'followUpQuestion': None}, 'mlMetrics': {'confidence': 37, 'clarity': 100, 'engagement': 25, 'overall': 32, 'audioLevel': 4, 'isSpeaking': False, 'feedback': 'No face detected. Position yourself in front of camera.'}, 'videoFeedback': {'faceDetectionRate': 0, 'avgEyeContact': 0, 'avgSmile': 0, 'confidence': 0, 'stressLevel': 0, 'engagement': 0, 'postureScore': 0, 'gestureScore': 0, 'movementStability': 0, 'nervousness': 0}, 'clientTimestamp': 1771698427829.0}","{'overallScore': 57, 'categoryScores': {'content': 21, 'delivery': 75, 'engagement': 70, 'professionalism': 80}, 'strengths': ['Good speaking pace and rhythm'], 'improvements': ['Structure responses using the STAR method (Situation, Task, Action, Result)'], 'recommendations': ['Practice recording yourself to improve self-awareness', 'Prepare structured examples using the STAR method', 'Research the company and role thoroughly before interviews'], 'nextSteps': ['Continue practicing interview responses with mock questions', 'Record mock interviews monthly to track progress'], 'feedback': '', 'status': 'unknown', 'followUp': '', 'competencies': {'technical': 0, 'clarity': 0, 'confidence': 0, 'conciseness': 0, 'engagement': 0}}"
69a53aa498e7021b5d0caa0d,2026-03-02 07:22:12.851000+00:00,34.0,,medium,practice,,,,50.0,0.0,100.0,50.0,0.0,22.0,0.0,0.0,0.0,0.0,0.0,False,"{'source': 'practice', 'teacherEvaluation': {'score': 20, 'feedback': ""The response is very brief and lacks any meaningful information about the candidate's background or experience. A more detailed and structured response is expected for this type of question."", 'competencies': None, 'status': None, 'followUpQuestion': None}, 'clientTimestamp': 1772436132840.0}","{'overallScore': 34, 'categoryScores': {'content': 22, 'delivery': 75, 'engagement': 70, 'professionalism': 80}, 'strengths': ['Good speaking pace and rhythm'], 'improvements': ['Structure responses using the STAR method (Situation, Task, Action, Result)'], 'recommendations': ['Practice recording yourself to improve self-awareness', 'Prepare structured examples using the STAR method', 'Research the company and role thoroughly before interviews'], 'nextSteps': ['Continue practicing interview responses with mock questions', 'Record mock interviews monthly to track progress'], 'feedback': '', 'status': 'unknown', 'followUp': '', 'competencies': {'technical': 0, 'clarity': 0, 'confidence': 0, 'conciseness': 0, 'engagement': 0}}"
69a546c9ed666ed9bed7fe01,2026-03-02 08:14:01.286000+00:00,46.0,,medium,practice,,,,50.0,0.0,100.0,50.0,0.0,28.0,0.0,0.0,0.0,0.0,0.0,False,"{'source': 'practice', 'teacherEvaluation': {'score': 40, 'feedback': 'The response is brief and lacks a clear structure. To improve, consider using the STAR method to provide specific examples from your background and experiences.', 'competencies': None, 'status': None, 'followUpQuestion': None}, 'clientTimestamp': 1772439241260.0}","{'overallScore': 46, 'categoryScores': {'content': 28, 'delivery': 75, 'engagement': 70, 'professionalism': 80}, 'strengths': ['Good speaking pace and rhythm'], 'improvements': ['Structure responses using the STAR method (Situation, Task, Action, Result)'], 'recommendations': ['Practice recording yourself to improve self-awareness', 'Prepare structured examples using the STAR method', 'Research the company and role thoroughly before interviews'], 'nextSteps': ['Continue practicing interview responses with mock questions', 'Record mock interviews monthly to track progress'], 'feedback': '', 'status': 'unknown', 'followUp': '', 'competencies': {'technical': 0, 'clarity': 0, 'confidence': 0, 'conciseness': 0, 'engagement': 0}}"
69a546d7ed666ed9bed7fe0a,2026-03-02 08:14:15.798000+00:00,80.0,,medium,practice,,,,50.0,50.0,80.4,0.0,3.0,40.0,0.0,0.0,0.0,0.0,0.0,False,"{'source': 'practice', 'teacherEvaluation': {'score': 92, 'feedback': ""Overall, the response is well-structured and effectively communicates the candidate's professional strengths. However, consider providing more context on how these strengths were developed and acquired, and be mindful of technical terms that might be unfamiliar to non-experts."", 'competencies': None, 'status': None, 'followUpQuestion': None}, 'clientTimestamp': 1772439255789.0}","{'overallScore': 80, 'categoryScores': {'content': 40, 'delivery': 75, 'engagement': 70, 'professionalism': 80}, 'strengths': ['Good speaking pace and rhythm'], 'improvements': [], 'recommendations': ['Practice recording yourself to improve self-awareness', 'Prepare structured examples using the STAR method', 'Research the company and role thoroughly before interviews'], 'nextSteps': ['Continue practicing interview responses with mock questions', 'Record mock interviews monthly to track progress'], 'feedback': '', 'status': 'unknown', 'followUp': '', 'competencies': {'technical': 0, 'clarity': 0, 'confidence': 0, 'conciseness': 0, 'engagement': 0}}"
69a546e4ed666ed9bed7fe13,2026-03-02 08:14:28.195000+00:00,80.0,,medium,practice,,,,50.0,75.0,82.2,0.0,10.0,44.0,0.0,0.0,0.0,0.0,0.0,False,"{'source': 'practice', 'teacherEvaluation': {'score': 92, 'feedback': ""The candidate provides a strong response that effectively answers the question. They use the STAR method to structure their response, which makes it easy to follow and understand. The technical accuracy and knowledge of the project's technology stack are also impressive. However, there are a few areas for improvement, such as providing more context about the role and responsibilities in the project and breaking up long sentences for better clarity."", 'competencies': None, 'status': None, 'followUpQuestion': None}, 'clientTimestamp': 1772439268180.0}","{'overallScore': 80, 'categoryScores': {'content': 44, 'delivery': 75, 'engagement': 70, 'professionalism': 80}, 'strengths': ['Well-structured response using professional storytelling methods', 'Good speaking pace and rhythm'], 'improvements': [], 'recommendations': ['Practice recording yourself to improve self-awareness', 'Prepare structured examples using the STAR method', 'Research the company and role thoroughly before interviews'], 'nextSteps': ['Continue practicing interview responses with mock questions', 'Record mock interviews monthly to track progress'], 'feedback': '', 'status': 'unknown', 'followUp': '', 'competencies': {'technical': 0, 'clarity': 0, 'confidence': 0, 'conciseness': 0, 'engagement': 0}}"
69a546f2ed666ed9bed7fe1c,2026-03-02 08:14:42.542000+00:00,74.0,,medium,practice,,,,50.0,25.0,97.0,50.0,0.0,32.0,0.0,0.0,0.0,0.0,0.0,False,"{'source': 'practice', 'teacherEvaluation': {'score': 85, 'feedback': 'The candidate provides a clear and concise answer, but could benefit from more depth and specifics about their career aspirations and plans for achieving them.', 'competencies': None, 'status': None, 'followUpQuestion': None}, 'clientTimestamp': 1772439282530.0}","{'overallScore': 74, 'categoryScores': {'content': 32, 'delivery': 75, 'engagement': 70, 'professionalism': 80}, 'strengths': ['Good speaking pace and rhythm'], 'improvements': ['Structure responses using the STAR method (Situation, Task, Action, Result)'], 'recommendations': ['Practice recording yourself to improve self-awareness', 'Prepare structured examples using the STAR method', 'Research the company and role thoroughly before interviews'], 'nextSteps': ['Continue practicing interview responses with mock questions', 'Record mock interviews monthly to track progress'], 'feedback': '', 'status': 'unknown', 'followUp': '', 'competencies': {'technical': 0, 'clarity': 0, 'confidence': 0, 'conciseness': 0, 'engagement': 0}}"
69a54700ed666ed9bed7fe25,2026-03-02 08:14:56.908000+00:00,59.0,,medium,practice,,,,50.0,0.0,97.1,50.0,0.0,30.0,0.0,0.0,0.0,0.0,0.0,False,"{'source': 'practice', 'teacherEvaluation': {'score': 60, 'feedback': 'Consider expanding on your experiences and providing specific reasons why this company stands out to you. This will help demonstrate your genuine interest in the role and company.', 'competencies': None, 'status': None, 'followUpQuestion': None}, 'clientTimestamp': 1772439296895.0}","{'overallScore': 59, 'categoryScores': {'content': 30, 'delivery': 75, 'engagement': 70, 'professionalism': 80}, 'strengths': ['Good speaking pace and rhythm'], 'improvements': ['Structure responses using the STAR method (Situation, Task, Action, Result)'], 'recommendations': ['Practice recording yourself to improve self-awareness', 'Prepare structured examples using the STAR method', 'Research the company and role thoroughly before interviews'], 'nextSteps': ['Continue practicing interview responses with mock questions', 'Record mock interviews monthly to track progress'], 'feedback': '', 'status': 'unknown', 'followUp': '', 'competencies': {'technical': 0, 'clarity': 0, 'confidence': 0, 'conciseness': 0, 'engagement': 0}}"
69a5470fed666ed9bed7fe2e,2026-03-02 08:15:11.962000+00:00,58.0,,medium,practice,,,,50.0,0.0,100.0,50.0,0.0,28.0,0.0,0.0,0.0,0.0,0.0,False,"{'source': 'practice', 'teacherEvaluation': {'score': 60, 'feedback': 'To improve, provide more context about the conflict, your role in managing it, and the outcome. Use the STAR method to structure your response and provide specific examples.', 'competencies': None, 'status': None, 'followUpQuestion': None}, 'clientTimestamp': 1772439311954.0}","{'overallScore': 58, 'categoryScores': {'content': 28, 'delivery': 75, 'engagement': 70, 'professionalism': 80}, 'strengths': ['Good speaking pace and rhythm'], 'improvements': ['Structure responses using the STAR method (Situation, Task, Action, Result)'], 'recommendations': ['Practice recording yourself to improve self-awareness', 'Prepare structured examples using the STAR method', 'Research the company and role thoroughly before interviews'], 'nextSteps': ['Continue practicing interview responses with mock questions', 'Record mock interviews monthly to track progress'], 'feedback': '', 'status': 'unknown', 'followUp': '', 'competencies': {'technical': 0, 'clarity': 0, 'confidence': 0, 'conciseness': 0, 'engagement': 0}}"
69a547de26bccaea7de6b1d4,2026-03-02 08:18:38.588000+00:00,79.0,,medium,practice,,,,50.0,25.0,82.0,0.0,4.0,37.0,0.0,0.0,0.0,0.0,0.0,False,"{'source': 'practice', 'teacherEvaluation': {'score': 92, 'feedback': 'Overall, the candidate provides a clear and compelling introduction to their background and experience. The STAR method is not explicitly used, but the format is well-structured and easy to follow. Technical accuracy is strong, but some terms and acronyms may require additional context for non-experts. Consider providing more specific examples of challenges faced and lessons learned in the professional experience section, and focus on the most relevant and impressive achievements.', 'competencies': None, 'status': None, 'followUpQuestion': None}, 'clientTimestamp': 1772439518560.0}","{'overallScore': 79, 'categoryScores': {'content': 37, 'delivery': 75, 'engagement': 70, 'professionalism': 80}, 'strengths': ['Good speaking pace and rhythm'], 'improvements': ['Structure responses using the STAR method (Situation, Task, Action, Result)'], 'recommendations': ['Practice recording yourself to improve self-awareness', 'Prepare structured examples using the STAR method', 'Research the company and role thoroughly before interviews'], 'nextSteps': ['Continue practicing interview responses with mock questions', 'Record mock interviews monthly to track progress'], 'feedback': '', 'status': 'unknown', 'followUp': '', 'competencies': {'technical': 0, 'clarity': 0, 'confidence': 0, 'conciseness': 0, 'engagement': 0}}"
69a5481326bccaea7de6b1e0,2026-03-02 08:19:31.551000+00:00,78.0,,medium,practice,,,,50.0,0.0,89.7,50.0,0.0,28.0,0.0,0.0,0.0,0.0,0.0,False,"{'source': 'practice', 'teacherEvaluation': {'score': 92, 'feedback': 'The candidate demonstrates a good understanding of the topic, but could provide more context and depth in their explanation.', 'competencies': None, 'status': None, 'followUpQuestion': None}, 'clientTimestamp': 1772439571533.0}","{'overallScore': 78, 'categoryScores': {'content': 28, 'delivery': 75, 'engagement': 70, 'professionalism': 80}, 'strengths': ['Good speaking pace and rhythm'], 'improvements': ['Structure responses using the STAR method (Situation, Task, Action, Result)'], 'recommendations': ['Practice recording yourself to improve self-awareness', 'Prepare structured examples using the STAR method', 'Research the company and role thoroughly before interviews'], 'nextSteps': ['Continue practicing interview responses with mock questions', 'Record mock interviews monthly to track progress'], 'feedback': '', 'status': 'unknown', 'followUp': '', 'competencies': {'technical': 0, 'clarity': 0, 'confidence': 0, 'conciseness': 0, 'engagement': 0}}"
69a5483026bccaea7de6b1e9,2026-03-02 08:20:00.451000+00:00,60.0,,medium,practice,,,,50.0,50.0,93.8,0.0,10.0,36.0,0.0,0.0,0.0,0.0,0.0,False,"{'source': 'practice', 'teacherEvaluation': {'score': 60, 'feedback': 'The candidate has a good start, but they need to provide more depth and detail in their response. They should also discuss ways to mitigate overfitting, such as regularization, cross-validation, and early stopping.', 'competencies': None, 'status': None, 'followUpQuestion': None}, 'clientTimestamp': 1772439600442.0}","{'overallScore': 60, 'categoryScores': {'content': 36, 'delivery': 75, 'engagement': 70, 'professionalism': 80}, 'strengths': ['Good speaking pace and rhythm'], 'improvements': [], 'recommendations': ['Practice recording yourself to improve self-awareness', 'Prepare structured examples using the STAR method', 'Research the company and role thoroughly before interviews'], 'nextSteps': ['Continue practicing interview responses with mock questions', 'Record mock interviews monthly to track progress'], 'feedback': '', 'status': 'unknown', 'followUp': '', 'competencies': {'technical': 0, 'clarity': 0, 'confidence': 0, 'conciseness': 0, 'engagement': 0}}"
69a560a6db4d7b0637096ae8,2026-03-02 10:04:22.234000+00:00,28.0,,medium,practice,,,,50.0,0.0,100.0,50.0,0.0,22.0,0.0,0.0,0.0,0.0,0.0,False,"{'source': 'practice', 'teacherEvaluation': {'score': 10, 'feedback': ""The response is very brief and lacks essential information about the candidate's background and experiences. It's essential to provide a more detailed and structured answer to showcase your qualifications and fit for the role."", 'competencies': None, 'status': None, 'followUpQuestion': None}, 'clientTimestamp': 1772445862204.0}","{'overallScore': 28, 'categoryScores': {'content': 22, 'delivery': 75, 'engagement': 70, 'professionalism': 80}, 'strengths': ['Good speaking pace and rhythm'], 'improvements': ['Structure responses using the STAR method (Situation, Task, Action, Result)'], 'recommendations': ['Practice recording yourself to improve self-awareness', 'Prepare structured examples using the STAR method', 'Research the company and role thoroughly before interviews'], 'nextSteps': ['Continue practicing interview responses with mock questions', 'Record mock interviews monthly to track progress'], 'feedback': '', 'status': 'unknown', 'followUp': '', 'competencies': {'technical': 0, 'clarity': 0, 'confidence': 0, 'conciseness': 0, 'engagement': 0}}"
69a562d23aa664328ffb10c6,2026-03-02 10:13:38.485000+00:00,34.0,,medium,practice,,,,50.0,0.0,100.0,50.0,0.0,22.0,0.0,0.0,0.0,0.0,0.0,False,"{'source': 'practice', 'teacherEvaluation': {'score': 20, 'feedback': ""The response is very brief and lacks essential information about the candidate's background and experience."", 'competencies': {'technical': 0, 'clarity': 20, 'confidence': 20, 'conciseness': 0, 'engagement': 20}, 'status': None, 'followUpQuestion': None}, 'clientTimestamp': 1772446418458.0}","{'overallScore': 34, 'categoryScores': {'content': 22, 'delivery': 75, 'engagement': 70, 'professionalism': 80}, 'strengths': ['Good speaking pace and rhythm'], 'improvements': ['Structure responses using the STAR method (Situation, Task, Action, Result)'], 'recommendations': ['Practice recording yourself to improve self-awareness', 'Prepare structured examples using the STAR method', 'Research the company and role thoroughly before interviews'], 'nextSteps': ['Continue practicing interview responses with mock questions', 'Record mock interviews monthly to track progress'], 'feedback': '', 'status': 'unknown', 'followUp': '', 'competencies': {'technical': 0, 'clarity': 0, 'confidence': 0, 'conciseness': 0, 'engagement': 0}}"
69a563273aa664328ffb10d5,2026-03-02 10:15:03.144000+00:00,78.0,,medium,practice,,,,50.0,25.0,88.5,33.0,0.0,32.0,0.0,0.0,0.0,0.0,0.0,False,"{'source': 'practice', 'teacherEvaluation': {'score': 92, 'feedback': 'Good job explaining the primary difference between parametric and non-parametric models. Consider adding more depth to your explanation and clarifying some technical terms.', 'competencies': {'technical': 90, 'clarity': 95, 'confidence': 80, 'conciseness': 95, 'engagement': 80}, 'status': None, 'followUpQuestion': None}, 'clientTimestamp': 1772446503131.0}","{'overallScore': 78, 'categoryScores': {'content': 32, 'delivery': 75, 'engagement': 70, 'professionalism': 80}, 'strengths': ['Good speaking pace and rhythm'], 'improvements': ['Structure responses using the STAR method (Situation, Task, Action, Result)'], 'recommendations': ['Practice recording yourself to improve self-awareness', 'Prepare structured examples using the STAR method', 'Research the company and role thoroughly before interviews'], 'nextSteps': ['Continue practicing interview responses with mock questions', 'Record mock interviews monthly to track progress'], 'feedback': '', 'status': 'unknown', 'followUp': '', 'competencies': {'technical': 0, 'clarity': 0, 'confidence': 0, 'conciseness': 0, 'engagement': 0}}"
69a563593aa664328ffb10e1,2026-03-02 10:15:53.682000+00:00,74.0,,medium,practice,,,,50.0,0.0,80.6,50.0,32.0,33.0,0.0,0.0,0.0,0.0,0.0,False,"{'source': 'practice', 'teacherEvaluation': {'score': 85, 'feedback': 'The candidate provided a clear and concise explanation of the primary difference between CNNs and RNNs. However, the explanation could be more detailed and include specific examples or applications to further illustrate the point.', 'competencies': {'technical': 90, 'clarity': 95, 'confidence': 80, 'conciseness': 90, 'engagement': 70}, 'status': None, 'followUpQuestion': None}, 'clientTimestamp': 1772446553670.0}","{'overallScore': 74, 'categoryScores': {'content': 33, 'delivery': 75, 'engagement': 70, 'professionalism': 80}, 'strengths': ['Good speaking pace and rhythm'], 'improvements': ['Structure responses using the STAR method (Situation, Task, Action, Result)'], 'recommendations': ['Practice recording yourself to improve self-awareness', 'Prepare structured examples using the STAR method', 'Research the company and role thoroughly before interviews'], 'nextSteps': ['Continue practicing interview responses with mock questions', 'Record mock interviews monthly to track progress'], 'feedback': '', 'status': 'unknown', 'followUp': '', 'competencies': {'technical': 0, 'clarity': 0, 'confidence': 0, 'conciseness': 0, 'engagement': 0}}"
69a5637c3aa664328ffb10ea,2026-03-02 10:16:28.134000+00:00,81.0,,medium,practice,,,,50.0,25.0,56.4,15.0,3.0,36.0,0.0,0.0,0.0,0.0,0.0,False,"{'source': 'practice', 'teacherEvaluation': {'score': 95, 'feedback': 'Overall, the candidate provides a clear and concise explanation of batch normalization and its benefits. They demonstrate a strong understanding of the subject matter and are able to articulate the technical concepts effectively. To further improve, consider breaking up long sentences and providing more concrete examples to illustrate the concepts.', 'competencies': {'technical': 92, 'clarity': 95, 'confidence': 90, 'conciseness': 88, 'engagement': 92}, 'status': None, 'followUpQuestion': None}, 'clientTimestamp': 1772446588123.0}","{'overallScore': 81, 'categoryScores': {'content': 36, 'delivery': 75, 'engagement': 70, 'professionalism': 80}, 'strengths': ['Good speaking pace and rhythm'], 'improvements': ['Structure responses using the STAR method (Situation, Task, Action, Result)'], 'recommendations': ['Practice recording yourself to improve self-awareness', 'Prepare structured examples using the STAR method', 'Research the company and role thoroughly before interviews'], 'nextSteps': ['Continue practicing interview responses with mock questions', 'Record mock interviews monthly to track progress'], 'feedback': '', 'status': 'unknown', 'followUp': '', 'competencies': {'technical': 0, 'clarity': 0, 'confidence': 0, 'conciseness': 0, 'engagement': 0}}"
69a563f33aa664328ffb1109,2026-03-02 10:18:27.202000+00:00,35.0,,medium,live,,,,50.0,25.0,88.0,50.0,0.0,32.0,0.0,0.0,0.0,0.0,0.0,False,"{'source': 'live', 'persona': 'technical', 'teacherEvaluation': {'score': 20, 'feedback': ""The candidate's response is unclear and lacks a structured approach to explaining the difference between overfitting and underfitting. The use of technical jargon and incorrect terms (e.g. 'hi variants low') suggests a lack of understanding of the concepts. The response could be significantly improved with a clear and concise explanation using the STAR method."", 'competencies': {'technical': 10, 'clarity': 10, 'confidence': 20, 'conciseness': 10, 'engagement': 10}, 'status': None, 'followUpQuestion': None}, 'mlMetrics': {'confidence': 48, 'clarity': 88, 'engagement': 25, 'overall': 25, 'audioLevel': 3, 'isSpeaking': False, 'feedback': 'Listening for your voice... Please speak clearly.'}, 'videoFeedback': {'faceDetectionRate': 0.9577566952148332, 'avgEyeContact': 0.8080287545609535, 'avgSmile': 0.4131133985846994, 'confidence': 0.6473799738410952, 'stressLevel': 0.3391502586221307, 'engagement': 0.7273040716288162, 'postureScore': 0.8558270488303291, 'gestureScore': 0.720507544093717, 'movementStability': 0.7570543600805415, 'nervousness': 0.4098601456036077}, 'clientTimestamp': 1772446707191.0}","{'overallScore': 35, 'categoryScores': {'content': 32, 'delivery': 75, 'engagement': 70, 'professionalism': 80}, 'strengths': ['Good speaking pace and rhythm'], 'improvements': ['Structure responses using the STAR method (Situation, Task, Action, Result)'], 'recommendations': ['Practice recording yourself to improve self-awareness', 'Prepare structured examples using the STAR method', 'Research the company and role thoroughly before interviews'], 'nextSteps': ['Continue practicing interview responses with mock questions', 'Record mock interviews monthly to track progress'], 'feedback': '', 'status': 'unknown', 'followUp': '', 'competencies': {'technical': 0, 'clarity': 0, 'confidence': 0, 'conciseness': 0, 'engagement': 0}}"
69a564173aa664328ffb1112,2026-03-02 10:19:03.452000+00:00,46.0,,medium,live,,,,50.0,0.0,95.5,50.0,0.0,28.0,0.0,0.0,0.0,0.0,0.0,False,"{'source': 'live', 'persona': 'technical', 'teacherEvaluation': {'score': 40, 'feedback': ""The response is brief and lacks detail. It's essential to explain the concept of regularization and its types to provide a comprehensive answer."", 'competencies': {'technical': 20, 'clarity': 10, 'confidence': 10, 'conciseness': 50, 'engagement': 10}, 'status': None, 'followUpQuestion': None}, 'mlMetrics': {'confidence': 38, 'clarity': 100, 'engagement': 25, 'overall': 22, 'audioLevel': 3, 'isSpeaking': False, 'feedback': 'Listening for your voice... Please speak clearly.'}, 'videoFeedback': {'faceDetectionRate': 0.9249786058776857, 'avgEyeContact': 0.7523556130112357, 'avgSmile': 0.4993743670265622, 'confidence': 0.8112971139110521, 'stressLevel': 0.2794755483601057, 'engagement': 0.5984525127528244, 'postureScore': 0.7877971783412805, 'gestureScore': 0.5336357298887576, 'movementStability': 0.899733664696893, 'nervousness': 0.29638916612927657}, 'clientTimestamp': 1772446743442.0}","{'overallScore': 46, 'categoryScores': {'content': 28, 'delivery': 75, 'engagement': 70, 'professionalism': 80}, 'strengths': ['Good speaking pace and rhythm'], 'improvements': ['Structure responses using the STAR method (Situation, Task, Action, Result)'], 'recommendations': ['Practice recording yourself to improve self-awareness', 'Prepare structured examples using the STAR method', 'Research the company and role thoroughly before interviews'], 'nextSteps': ['Continue practicing interview responses with mock questions', 'Record mock interviews monthly to track progress'], 'feedback': '', 'status': 'unknown', 'followUp': '', 'competencies': {'technical': 0, 'clarity': 0, 'confidence': 0, 'conciseness': 0, 'engagement': 0}}"
69a564353aa664328ffb111b,2026-03-02 10:19:33.784000+00:00,34.0,,medium,live,,,,50.0,0.0,95.7,50.0,0.0,28.0,0.0,0.0,0.0,0.0,0.0,False,"{'source': 'live', 'persona': 'technical', 'teacherEvaluation': {'score': 20, 'feedback': ""The candidate's response lacks clarity, structure, and technical accuracy. They seem to be familiar with the term 'backpropagation' but struggle to provide a coherent explanation."", 'competencies': {'technical': 10, 'clarity': 10, 'confidence': 20, 'conciseness': 10, 'engagement': 20}, 'status': None, 'followUpQuestion': None}, 'mlMetrics': {'confidence': 42, 'clarity': 100, 'engagement': 25, 'overall': 23, 'audioLevel': 3, 'isSpeaking': False, 'feedback': 'Listening for your voice... Please speak clearly.'}, 'videoFeedback': {'faceDetectionRate': 0.9825153518844993, 'avgEyeContact': 0.7517434396016283, 'avgSmile': 0.2536202281147366, 'confidence': 0.6293770241019182, 'stressLevel': 0.2888240604830151, 'engagement': 0.5729226396435844, 'postureScore': 0.781692693804271, 'gestureScore': 0.7855165587771828, 'movementStability': 0.8536948600935129, 'nervousness': 0.2587576879303707}, 'clientTimestamp': 1772446773775.0}","{'overallScore': 34, 'categoryScores': {'content': 28, 'delivery': 75, 'engagement': 70, 'professionalism': 80}, 'strengths': ['Good speaking pace and rhythm'], 'improvements': ['Structure responses using the STAR method (Situation, Task, Action, Result)'], 'recommendations': ['Practice recording yourself to improve self-awareness', 'Prepare structured examples using the STAR method', 'Research the company and role thoroughly before interviews'], 'nextSteps': ['Continue practicing interview responses with mock questions', 'Record mock interviews monthly to track progress'], 'feedback': '', 'status': 'unknown', 'followUp': '', 'competencies': {'technical': 0, 'clarity': 0, 'confidence': 0, 'conciseness': 0, 'engagement': 0}}"
69a564bec7c1f6bbae763a66,2026-03-02 10:21:50.938000+00:00,59.0,,medium,practice,,,,50.0,25.0,84.2,67.0,0.0,32.0,0.0,0.0,0.0,0.0,0.0,False,"{'source': 'practice', 'teacherEvaluation': {'score': 60, 'feedback': 'The candidate briefly described a difficult situation and mentioned a team effort, but lacked specific details and a clear explanation of how they handled the situation.', 'competencies': {'technical': 40, 'clarity': 40, 'confidence': 60, 'conciseness': 80, 'engagement': 40}, 'status': None, 'followUpQuestion': None}, 'clientTimestamp': 1772446910908.0}","{'overallScore': 59, 'categoryScores': {'content': 32, 'delivery': 75, 'engagement': 70, 'professionalism': 80}, 'strengths': ['Good speaking pace and rhythm'], 'improvements': ['Structure responses using the STAR method (Situation, Task, Action, Result)'], 'recommendations': ['Practice recording yourself to improve self-awareness', 'Prepare structured examples using the STAR method', 'Research the company and role thoroughly before interviews'], 'nextSteps': ['Continue practicing interview responses with mock questions', 'Record mock interviews monthly to track progress'], 'feedback': '', 'status': 'unknown', 'followUp': '', 'competencies': {'technical': 0, 'clarity': 0, 'confidence': 0, 'conciseness': 0, 'engagement': 0}}"
69a564efc7c1f6bbae763a72,2026-03-02 10:22:39.424000+00:00,72.0,,medium,practice,,,,50.0,75.0,88.2,0.0,10.0,40.0,0.0,0.0,0.0,0.0,0.0,False,"{'source': 'practice', 'teacherEvaluation': {'score': 80, 'feedback': ""The response is clear and concise, but could benefit from more specific details about the candidate's vision for their career."", 'competencies': {'technical': 60, 'clarity': 90, 'confidence': 80, 'conciseness': 90, 'engagement': 70}, 'status': None, 'followUpQuestion': None}, 'clientTimestamp': 1772446959381.0}","{'overallScore': 72, 'categoryScores': {'content': 40, 'delivery': 75, 'engagement': 70, 'professionalism': 80}, 'strengths': ['Well-structured response using professional storytelling methods', 'Good speaking pace and rhythm'], 'improvements': [], 'recommendations': ['Practice recording yourself to improve self-awareness', 'Prepare structured examples using the STAR method', 'Research the company and role thoroughly before interviews'], 'nextSteps': ['Continue practicing interview responses with mock questions', 'Record mock interviews monthly to track progress'], 'feedback': '', 'status': 'unknown', 'followUp': '', 'competencies': {'technical': 0, 'clarity': 0, 'confidence': 0, 'conciseness': 0, 'engagement': 0}}"
69a56730c6a50912b5a87e08,2026-03-02 10:32:16.313000+00:00,58.0,,medium,practice,,,,50.0,0.0,84.3,0.0,0.0,28.0,0.0,0.0,0.0,0.0,0.0,False,"{'source': 'practice', 'teacherEvaluation': {'score': 60, 'feedback': 'The response is a good start, but it lacks depth and relevance to the question. It would be beneficial to provide more context about your career goals, relevant work experience, and specific achievements.', 'competencies': {'technical': 40, 'clarity': 70, 'confidence': 50, 'conciseness': 30, 'engagement': 40}, 'status': None, 'followUpQuestion': None}, 'clientTimestamp': 1772447536280.0}","{'overallScore': 58, 'categoryScores': {'content': 28, 'delivery': 75, 'engagement': 70, 'professionalism': 80}, 'strengths': ['Good speaking pace and rhythm'], 'improvements': ['Structure responses using the STAR method (Situation, Task, Action, Result)'], 'recommendations': ['Practice recording yourself to improve self-awareness', 'Prepare structured examples using the STAR method', 'Research the company and role thoroughly before interviews'], 'nextSteps': ['Continue practicing interview responses with mock questions', 'Record mock interviews monthly to track progress'], 'feedback': '', 'status': 'unknown', 'followUp': '', 'competencies': {'technical': 0, 'clarity': 0, 'confidence': 0, 'conciseness': 0, 'engagement': 0}}"
69a56743c6a50912b5a87e11,2026-03-02 10:32:35.835000+00:00,77.0,,medium,practice,,,,50.0,50.0,80.4,0.0,3.0,40.0,0.0,0.0,0.0,0.0,0.0,False,"{'source': 'practice', 'teacherEvaluation': {'score': 88, 'feedback': 'The candidate provided a clear and structured response, highlighting their technical strengths and problem-solving approach. They also demonstrated confidence and engagement through specific examples. However, some technical terms might be unfamiliar to non-experts, and the Delivery and Impact section could be more quantitatively focused.', 'competencies': {'technical': 92, 'clarity': 90, 'confidence': 95, 'conciseness': 85, 'engagement': 92}, 'status': None, 'followUpQuestion': None}, 'clientTimestamp': 1772447555824.0}","{'overallScore': 77, 'categoryScores': {'content': 40, 'delivery': 75, 'engagement': 70, 'professionalism': 80}, 'strengths': ['Good speaking pace and rhythm'], 'improvements': [], 'recommendations': ['Practice recording yourself to improve self-awareness', 'Prepare structured examples using the STAR method', 'Research the company and role thoroughly before interviews'], 'nextSteps': ['Continue practicing interview responses with mock questions', 'Record mock interviews monthly to track progress'], 'feedback': '', 'status': 'unknown', 'followUp': '', 'competencies': {'technical': 0, 'clarity': 0, 'confidence': 0, 'conciseness': 0, 'engagement': 0}}"
69a56753c6a50912b5a87e1a,2026-03-02 10:32:51.830000+00:00,80.0,,medium,practice,,,,50.0,75.0,82.2,0.0,10.0,44.0,0.0,0.0,0.0,0.0,0.0,False,"{'source': 'practice', 'teacherEvaluation': {'score': 92, 'feedback': 'The candidate effectively uses the STAR method to describe a challenging situation, its impact, and their solution. They demonstrate technical accuracy and provide relevant examples. To further improve, consider adding more context about your role and responsibilities, and refining sentence structure for better clarity.', 'competencies': {'technical': 95, 'clarity': 90, 'confidence': 92, 'conciseness': 88, 'engagement': 90}, 'status': None, 'followUpQuestion': None}, 'clientTimestamp': 1772447571817.0}","{'overallScore': 80, 'categoryScores': {'content': 44, 'delivery': 75, 'engagement': 70, 'professionalism': 80}, 'strengths': ['Well-structured response using professional storytelling methods', 'Good speaking pace and rhythm'], 'improvements': [], 'recommendations': ['Practice recording yourself to improve self-awareness', 'Prepare structured examples using the STAR method', 'Research the company and role thoroughly before interviews'], 'nextSteps': ['Continue practicing interview responses with mock questions', 'Record mock interviews monthly to track progress'], 'feedback': '', 'status': 'unknown', 'followUp': '', 'competencies': {'technical': 0, 'clarity': 0, 'confidence': 0, 'conciseness': 0, 'engagement': 0}}"
69a567e2c6a50912b5a87e43,2026-03-02 10:35:14.284000+00:00,37.0,,medium,live,,,,50.0,75.0,92.7,50.0,12.0,42.0,0.0,0.0,0.0,0.0,0.0,False,"{'source': 'live', 'persona': 'technical', 'teacherEvaluation': {'score': 20, 'feedback': ""The candidate's response lacks clarity, structure, and technical accuracy. They fail to provide a clear comparison between GAN and VAE, and their use of technical terms is inconsistent and unclear."", 'competencies': {'technical': 10, 'clarity': 5, 'confidence': 5, 'conciseness': 10, 'engagement': 5}, 'status': None, 'followUpQuestion': None}, 'mlMetrics': {'confidence': 55, 'clarity': 100, 'engagement': 25, 'overall': 36, 'audioLevel': 32, 'isSpeaking': True, 'feedback': 'Good. Confident voice detected.'}, 'videoFeedback': {'faceDetectionRate': 0.9483638319297804, 'avgEyeContact': 0.7439987926026495, 'avgSmile': 0.5190600720301731, 'confidence': 0.7424337480271176, 'stressLevel': 0.33391585110112365, 'engagement': 0.8945215359220294, 'postureScore': 0.831495550697816, 'gestureScore': 0.5253442021888208, 'movementStability': 0.8831746546866137, 'nervousness': 0.3407508353233801}, 'clientTimestamp': 1772447714276.0}","{'overallScore': 37, 'categoryScores': {'content': 42, 'delivery': 75, 'engagement': 70, 'professionalism': 80}, 'strengths': ['Well-structured response using professional storytelling methods', 'Good speaking pace and rhythm'], 'improvements': [], 'recommendations': ['Practice recording yourself to improve self-awareness', 'Prepare structured examples using the STAR method', 'Research the company and role thoroughly before interviews'], 'nextSteps': ['Continue practicing interview responses with mock questions', 'Record mock interviews monthly to track progress'], 'feedback': '', 'status': 'unknown', 'followUp': '', 'competencies': {'technical': 0, 'clarity': 0, 'confidence': 0, 'conciseness': 0, 'engagement': 0}}"
69a56800c6a50912b5a87e4c,2026-03-02 10:35:44.405000+00:00,37.0,,medium,live,,,,50.0,75.0,92.7,50.0,12.0,42.0,0.0,0.0,0.0,0.0,0.0,False,"{'source': 'live', 'persona': 'technical', 'teacherEvaluation': {'score': 20, 'feedback': 'The response is unclear and lacks a clear explanation of the concept of overfitting. The candidate appears to be referencing a specific technique (adversarial training) but fails to provide a clear explanation of how it relates to overfitting.', 'competencies': {'technical': 10, 'clarity': 10, 'confidence': 0, 'conciseness': 10, 'engagement': 0}, 'status': None, 'followUpQuestion': None}, 'mlMetrics': {'confidence': 48, 'clarity': 100, 'engagement': 25, 'overall': 31, 'audioLevel': 5, 'isSpeaking': True, 'feedback': 'Detecting speech, try to speak up.'}, 'videoFeedback': {'faceDetectionRate': 0.9730981039984411, 'avgEyeContact': 0.6761684330759447, 'avgSmile': 0.2762675160163006, 'confidence': 0.6420099222823388, 'stressLevel': 0.2785348023812469, 'engagement': 0.7459632556422178, 'postureScore': 0.7380745427115032, 'gestureScore': 0.5894544370492503, 'movementStability': 0.8526117785546473, 'nervousness': 0.2904245332858527}, 'clientTimestamp': 1772447744396.0}","{'overallScore': 37, 'categoryScores': {'content': 42, 'delivery': 75, 'engagement': 70, 'professionalism': 80}, 'strengths': ['Well-structured response using professional storytelling methods', 'Good speaking pace and rhythm'], 'improvements': [], 'recommendations': ['Practice recording yourself to improve self-awareness', 'Prepare structured examples using the STAR method', 'Research the company and role thoroughly before interviews'], 'nextSteps': ['Continue practicing interview responses with mock questions', 'Record mock interviews monthly to track progress'], 'feedback': '', 'status': 'unknown', 'followUp': '', 'competencies': {'technical': 0, 'clarity': 0, 'confidence': 0, 'conciseness': 0, 'engagement': 0}}"
69a568d3c6a50912b5a87e65,2026-03-02 10:39:15.548000+00:00,47.0,,medium,live,,,,50.0,0.0,84.9,50.0,19.0,32.0,0.0,0.0,0.0,0.0,0.0,False,"{'source': 'live', 'persona': 'technical', 'teacherEvaluation': {'score': 40, 'feedback': 'The candidate attempted to answer the question but struggled with the technical aspects and communication. They need to improve their understanding of the concepts and practice articulating their thoughts in a clear and concise manner.', 'competencies': {'technical': 20, 'clarity': 10, 'confidence': 30, 'conciseness': 10, 'engagement': 20}, 'status': None, 'followUpQuestion': None}, 'mlMetrics': {'confidence': 55, 'clarity': 100, 'engagement': 25, 'overall': 35, 'audioLevel': 27, 'isSpeaking': True, 'feedback': 'Good. Confident voice detected.'}, 'videoFeedback': {'faceDetectionRate': 0, 'avgEyeContact': 0, 'avgSmile': 0, 'confidence': 0, 'stressLevel': 0, 'engagement': 0, 'postureScore': 0, 'gestureScore': 0, 'movementStability': 0, 'nervousness': 0}, 'clientTimestamp': 1772447955530.0}","{'overallScore': 47, 'categoryScores': {'content': 32, 'delivery': 75, 'engagement': 70, 'professionalism': 80}, 'strengths': ['Good speaking pace and rhythm'], 'improvements': ['Structure responses using the STAR method (Situation, Task, Action, Result)'], 'recommendations': ['Practice recording yourself to improve self-awareness', 'Prepare structured examples using the STAR method', 'Research the company and role thoroughly before interviews'], 'nextSteps': ['Continue practicing interview responses with mock questions', 'Record mock interviews monthly to track progress'], 'feedback': '', 'status': 'unknown', 'followUp': '', 'competencies': {'technical': 0, 'clarity': 0, 'confidence': 0, 'conciseness': 0, 'engagement': 0}}"
69a568e6c6a50912b5a87e6e,2026-03-02 10:39:34.846000+00:00,36.0,,medium,live,,,,50.0,25.0,85.2,50.0,19.0,36.0,0.0,0.0,0.0,0.0,0.0,False,"{'source': 'live', 'persona': 'technical', 'teacherEvaluation': {'score': 20, 'feedback': 'The response does not address the question and contains incorrect information. Please provide a clear and concise answer that addresses the question.', 'competencies': {'technical': 10, 'clarity': 10, 'confidence': 0, 'conciseness': 0, 'engagement': 0}, 'status': None, 'followUpQuestion': None}, 'mlMetrics': {'confidence': 49, 'clarity': 100, 'engagement': 25, 'overall': 26, 'audioLevel': 3, 'isSpeaking': False, 'feedback': 'Listening for your voice... Please speak clearly.'}, 'videoFeedback': {'faceDetectionRate': 0.9422911328717031, 'avgEyeContact': 0.759433736243154, 'avgSmile': 0.43745235726067866, 'confidence': 0.7243997277354244, 'stressLevel': 0.2664322430601832, 'engagement': 0.7981132693035807, 'postureScore': 0.7292605092234054, 'gestureScore': 0.6533221153354096, 'movementStability': 0.8298295486250451, 'nervousness': 0.4305191082733742}, 'clientTimestamp': 1772447974839.0}","{'overallScore': 36, 'categoryScores': {'content': 36, 'delivery': 75, 'engagement': 70, 'professionalism': 80}, 'strengths': ['Good speaking pace and rhythm'], 'improvements': ['Structure responses using the STAR method (Situation, Task, Action, Result)'], 'recommendations': ['Practice recording yourself to improve self-awareness', 'Prepare structured examples using the STAR method', 'Research the company and role thoroughly before interviews'], 'nextSteps': ['Continue practicing interview responses with mock questions', 'Record mock interviews monthly to track progress'], 'feedback': '', 'status': 'unknown', 'followUp': '', 'competencies': {'technical': 0, 'clarity': 0, 'confidence': 0, 'conciseness': 0, 'engagement': 0}}"
69a5690dc6a50912b5a87e77,2026-03-02 10:40:13.636000+00:00,34.0,,medium,live,,,,50.0,0.0,96.8,50.0,0.0,27.0,0.0,0.0,0.0,0.0,0.0,False,"{'source': 'live', 'persona': 'technical', 'teacherEvaluation': {'score': 20, 'feedback': 'The candidate failed to provide a clear and concise explanation of the vanishing gradient problem in backpropagation and how LSTMs address it. They also used incorrect terminology and had poor grammar.', 'competencies': {'technical': 10, 'clarity': 5, 'confidence': 0, 'conciseness': 5, 'engagement': 0}, 'status': None, 'followUpQuestion': None}, 'mlMetrics': {'confidence': 43, 'clarity': 100, 'engagement': 25, 'overall': 24, 'audioLevel': 3, 'isSpeaking': False, 'feedback': 'Listening for your voice... Please speak clearly.'}, 'videoFeedback': {'faceDetectionRate': 0.9767969024779711, 'avgEyeContact': 0.8085117469164356, 'avgSmile': 0.26977834248316485, 'confidence': 0.6583162891140362, 'stressLevel': 0.23302121056584554, 'engagement': 0.7648276986201588, 'postureScore': 0.767858669868679, 'gestureScore': 0.5714928480258422, 'movementStability': 0.8022826830967125, 'nervousness': 0.36794336948038986}, 'clientTimestamp': 1772448013630.0}","{'overallScore': 34, 'categoryScores': {'content': 27, 'delivery': 75, 'engagement': 70, 'professionalism': 80}, 'strengths': ['Good speaking pace and rhythm'], 'improvements': ['Structure responses using the STAR method (Situation, Task, Action, Result)'], 'recommendations': ['Practice recording yourself to improve self-awareness', 'Prepare structured examples using the STAR method', 'Research the company and role thoroughly before interviews'], 'nextSteps': ['Continue practicing interview responses with mock questions', 'Record mock interviews monthly to track progress'], 'feedback': '', 'status': 'unknown', 'followUp': '', 'competencies': {'technical': 0, 'clarity': 0, 'confidence': 0, 'conciseness': 0, 'engagement': 0}}"
69a5a393aa962c209057cc93,2026-03-02 14:49:55.478000+00:00,34.0,,medium,practice,,,,50.0,0.0,100.0,50.0,0.0,22.0,0.0,0.0,0.0,0.0,0.0,False,"{'source': 'practice', 'teacherEvaluation': {'score': 20, 'feedback': ""The response is brief and lacks detail about the candidate's background, making it difficult to assess their qualifications and experience."", 'competencies': {'technical': 0, 'clarity': 40, 'confidence': 60, 'conciseness': 80, 'engagement': 20}, 'status': None, 'followUpQuestion': None}, 'clientTimestamp': 1772462995456.0}","{'overallScore': 34, 'categoryScores': {'content': 22, 'delivery': 75, 'engagement': 70, 'professionalism': 80}, 'strengths': ['Good speaking pace and rhythm'], 'improvements': ['Structure responses using the STAR method (Situation, Task, Action, Result)'], 'recommendations': ['Practice recording yourself to improve self-awareness', 'Prepare structured examples using the STAR method', 'Research the company and role thoroughly before interviews'], 'nextSteps': ['Continue practicing interview responses with mock questions', 'Record mock interviews monthly to track progress'], 'feedback': '', 'status': 'unknown', 'followUp': '', 'competencies': {'technical': 0, 'clarity': 0, 'confidence': 0, 'conciseness': 0, 'engagement': 0}}"
69a5a3c3aa962c209057cc9d,2026-03-02 14:50:43.630000+00:00,47.0,,medium,live,,,,50.0,25.0,87.1,50.0,0.0,32.0,0.0,0.0,0.0,0.0,0.0,False,"{'source': 'live', 'persona': 'technical', 'teacherEvaluation': {'score': 40, 'feedback': 'The candidate attempted to explain the difference between a neural network and a deep neural network, but their response was unclear, contained technical inaccuracies, and lacked structure. They also struggled with grammar and spelling.', 'competencies': {'technical': 20, 'clarity': 10, 'confidence': 30, 'conciseness': 20, 'engagement': 20}, 'status': None, 'followUpQuestion': None}, 'mlMetrics': {'confidence': 52, 'clarity': 100, 'engagement': 25, 'overall': 27, 'audioLevel': 3, 'isSpeaking': False, 'feedback': 'Listening for your voice... Please speak clearly.'}, 'videoFeedback': {'faceDetectionRate': 0, 'avgEyeContact': 0, 'avgSmile': 0, 'confidence': 0, 'stressLevel': 0, 'engagement': 0, 'postureScore': 0, 'gestureScore': 0, 'movementStability': 0, 'nervousness': 0}, 'clientTimestamp': 1772463043622.0}","{'overallScore': 47, 'categoryScores': {'content': 32, 'delivery': 75, 'engagement': 70, 'professionalism': 80}, 'strengths': ['Good speaking pace and rhythm'], 'improvements': ['Structure responses using the STAR method (Situation, Task, Action, Result)'], 'recommendations': ['Practice recording yourself to improve self-awareness', 'Prepare structured examples using the STAR method', 'Research the company and role thoroughly before interviews'], 'nextSteps': ['Continue practicing interview responses with mock questions', 'Record mock interviews monthly to track progress'], 'feedback': '', 'status': 'unknown', 'followUp': '', 'competencies': {'technical': 0, 'clarity': 0, 'confidence': 0, 'conciseness': 0, 'engagement': 0}}"
69a5a3eaaa962c209057cca9,2026-03-02 14:51:22.762000+00:00,36.0,,medium,live,,,,50.0,50.0,78.8,50.0,0.0,37.0,0.0,0.0,0.0,0.0,0.0,False,"{'source': 'live', 'persona': 'technical', 'teacherEvaluation': {'score': 20, 'feedback': 'The candidate failed to provide a clear and concise explanation of overfitting. They also failed to address the question directly and provided unrelated information.', 'competencies': {'technical': 10, 'clarity': 10, 'confidence': 10, 'conciseness': 5, 'engagement': 5}, 'status': None, 'followUpQuestion': None}, 'mlMetrics': {'confidence': 48, 'clarity': 100, 'engagement': 25, 'overall': 25, 'audioLevel': 3, 'isSpeaking': False, 'feedback': 'Listening for your voice... Please speak clearly.'}, 'videoFeedback': {'faceDetectionRate': 0.9673165905627753, 'avgEyeContact': 0.7749812930608871, 'avgSmile': 0.4797803471198439, 'confidence': 0.6341732448082275, 'stressLevel': 0.21153245521803452, 'engagement': 0.7053590642082646, 'postureScore': 0.7864157433840252, 'gestureScore': 0.525839358378801, 'movementStability': 0.8819433813969685, 'nervousness': 0.41507944988064444}, 'clientTimestamp': 1772463082755.0}","{'overallScore': 36, 'categoryScores': {'content': 37, 'delivery': 75, 'engagement': 70, 'professionalism': 80}, 'strengths': ['Good speaking pace and rhythm'], 'improvements': [], 'recommendations': ['Practice recording yourself to improve self-awareness', 'Prepare structured examples using the STAR method', 'Research the company and role thoroughly before interviews'], 'nextSteps': ['Continue practicing interview responses with mock questions', 'Record mock interviews monthly to track progress'], 'feedback': '', 'status': 'unknown', 'followUp': '', 'competencies': {'technical': 0, 'clarity': 0, 'confidence': 0, 'conciseness': 0, 'engagement': 0}}"
69a5f3c2601bc72e02bfe8d4,2026-03-02 20:32:02.975000+00:00,28.0,,medium,jd,session_1772483489795_5mrlduu3r,69a5f370601bc72e02bfe8ae,69a5f370601bc72e02bfe8b0,50.0,0.0,93.8,50.0,0.0,26.0,0.0,0.0,0.0,0.0,0.0,True,"{'source': 'jd', 'persona': 'technical', 'teacherEvaluation': {'score': 10, 'feedback': ""The candidate's response does not demonstrate any understanding of the question. They seem to be providing unrelated words."", 'competencies': {'technical': 0, 'clarity': 0, 'confidence': 0, 'conciseness': 0, 'engagement': 0}, 'status': None, 'followUpQuestion': None}, 'mlMetrics': {'confidence': 43, 'clarity': 100, 'engagement': 25, 'overall': 39, 'audioLevel': 3, 'isSpeaking': False, 'feedback': 'No face detected. Position yourself in front of camera.'}, 'videoFeedback': {'faceDetectionRate': 0, 'avgEyeContact': 0, 'avgSmile': 0, 'confidence': 0, 'stressLevel': 0, 'engagement': 0, 'postureScore': 0, 'gestureScore': 0, 'movementStability': 0, 'nervousness': 0}, 'clientTimestamp': 1772483522927.0}","{'overallScore': 28, 'categoryScores': {'content': 26, 'delivery': 75, 'engagement': 70, 'professionalism': 80}, 'strengths': ['Good speaking pace and rhythm'], 'improvements': ['Structure responses using the STAR method (Situation, Task, Action, Result)'], 'recommendations': ['Practice recording yourself to improve self-awareness', 'Prepare structured examples using the STAR method', 'Research the company and role thoroughly before interviews'], 'nextSteps': ['Continue practicing interview responses with mock questions', 'Record mock interviews monthly to track progress'], 'feedback': '', 'status': 'unknown', 'followUp': '', 'competencies': {'technical': 0, 'clarity': 0, 'confidence': 0, 'conciseness': 0, 'engagement': 0}}"
69a5f3e0601bc72e02bfe8df,2026-03-02 20:32:32.588000+00:00,33.0,,medium,jd,session_1772483489795_5mrlduu3r,69a5f370601bc72e02bfe8ae,69a5f370601bc72e02bfe8b1,50.0,0.0,100.0,50.0,0.0,21.0,0.0,0.0,0.0,0.0,0.0,True,"{'source': 'jd', 'persona': 'technical', 'teacherEvaluation': {'score': 20, 'feedback': ""The candidate's response was too brief and didn't demonstrate a clear understanding of the task. They should have provided more details on the techniques used to fine-tune the model."", 'competencies': {'technical': 0, 'clarity': 0, 'confidence': 0, 'conciseness': 0, 'engagement': 0}, 'status': None, 'followUpQuestion': None}, 'mlMetrics': {'confidence': 43, 'clarity': 100, 'engagement': 25, 'overall': 24, 'audioLevel': 3, 'isSpeaking': False, 'feedback': 'Listening for your voice... Please speak clearly.'}, 'videoFeedback': {'faceDetectionRate': 0.9505680492258549, 'avgEyeContact': 0.7667937575735959, 'avgSmile': 0.3795908224243612, 'confidence': 0.6275902108462117, 'stressLevel': 0.22553957542007408, 'engagement': 0.8096600159342774, 'postureScore': 0.7956472104820602, 'gestureScore': 0.7942297757224244, 'movementStability': 0.8143139164431836, 'nervousness': 0.33666522467932153}, 'clientTimestamp': 1772483552572.0}","{'overallScore': 33, 'categoryScores': {'content': 21, 'delivery': 75, 'engagement': 70, 'professionalism': 80}, 'strengths': ['Good speaking pace and rhythm'], 'improvements': ['Structure responses using the STAR method (Situation, Task, Action, Result)'], 'recommendations': ['Practice recording yourself to improve self-awareness', 'Prepare structured examples using the STAR method', 'Research the company and role thoroughly before interviews'], 'nextSteps': ['Continue practicing interview responses with mock questions', 'Record mock interviews monthly to track progress'], 'feedback': '', 'status': 'unknown', 'followUp': '', 'competencies': {'technical': 0, 'clarity': 0, 'confidence': 0, 'conciseness': 0, 'engagement': 0}}"
69a5f3fb601bc72e02bfe8ea,2026-03-02 20:32:59.025000+00:00,54.0,,medium,jd,session_1772483489795_5mrlduu3r,69a5f370601bc72e02bfe8ae,69a5f370601bc72e02bfe8b2,50.0,0.0,100.0,50.0,0.0,22.0,0.0,0.0,0.0,0.0,0.0,True,"{'source': 'jd', 'persona': 'technical', 'teacherEvaluation': {'score': 0, 'feedback': 'The response is completely unrelated to the question and lacks any technical details.', 'competencies': {'technical': 0, 'clarity': 0, 'confidence': 0, 'conciseness': 0, 'engagement': 0}, 'status': None, 'followUpQuestion': None}, 'mlMetrics': {'confidence': 39, 'clarity': 100, 'engagement': 25, 'overall': 22, 'audioLevel': 5, 'isSpeaking': False, 'feedback': 'Listening for your voice... Please speak clearly.'}, 'videoFeedback': {'faceDetectionRate': 0.9763669719501405, 'avgEyeContact': 0.7728182799693187, 'avgSmile': 0.25521862970475506, 'confidence': 0.8451023291028111, 'stressLevel': 0.29121224847427657, 'engagement': 0.6370421739818362, 'postureScore': 0.7050195522327326, 'gestureScore': 0.7833928242657732, 'movementStability': 0.7506910087581145, 'nervousness': 0.29488534536568056}, 'clientTimestamp': 1772483579010.0}","{'overallScore': 54, 'categoryScores': {'content': 22, 'delivery': 75, 'engagement': 70, 'professionalism': 80}, 'strengths': ['Good speaking pace and rhythm'], 'improvements': ['Structure responses using the STAR method (Situation, Task, Action, Result)'], 'recommendations': ['Practice recording yourself to improve self-awareness', 'Prepare structured examples using the STAR method', 'Research the company and role thoroughly before interviews'], 'nextSteps': ['Continue practicing interview responses with mock questions', 'Record mock interviews monthly to track progress'], 'feedback': '', 'status': 'unknown', 'followUp': '', 'competencies': {'technical': 0, 'clarity': 0, 'confidence': 0, 'conciseness': 0, 'engagement': 0}}"
69a5f409601bc72e02bfe8f5,2026-03-02 20:33:13.976000+00:00,57.0,,medium,jd,session_1772483489795_5mrlduu3r,69a5f370601bc72e02bfe8ae,69a5f370601bc72e02bfe8b3,50.0,0.0,100.0,50.0,0.0,21.0,0.0,0.0,0.0,0.0,0.0,True,"{'source': 'jd', 'persona': 'technical', 'teacherEvaluation': {'score': 60, 'feedback': ""The candidate's response is vague and lacks concrete details. They should have provided a clear design for the PyTorch model and specified how they would handle varying resolutions and orientations."", 'competencies': {'technical': 40, 'clarity': 30, 'confidence': 50, 'conciseness': 20, 'engagement': 60}, 'status': None, 'followUpQuestion': None}, 'mlMetrics': {'confidence': 40, 'clarity': 100, 'engagement': 25, 'overall': 23, 'audioLevel': 3, 'isSpeaking': False, 'feedback': 'Listening for your voice... Please speak clearly.'}, 'videoFeedback': {'faceDetectionRate': 0.9897869738876015, 'avgEyeContact': 0.8479885988315812, 'avgSmile': 0.4866689188963097, 'confidence': 0.6988851618669023, 'stressLevel': 0.26969310669111873, 'engagement': 0.593949714162457, 'postureScore': 0.8792729335930678, 'gestureScore': 0.744502813413984, 'movementStability': 0.7614019470476892, 'nervousness': 0.31225469225183494}, 'clientTimestamp': 1772483593959.0}","{'overallScore': 57, 'categoryScores': {'content': 21, 'delivery': 75, 'engagement': 70, 'professionalism': 80}, 'strengths': ['Good speaking pace and rhythm'], 'improvements': ['Structure responses using the STAR method (Situation, Task, Action, Result)'], 'recommendations': ['Practice recording yourself to improve self-awareness', 'Prepare structured examples using the STAR method', 'Research the company and role thoroughly before interviews'], 'nextSteps': ['Continue practicing interview responses with mock questions', 'Record mock interviews monthly to track progress'], 'feedback': '', 'status': 'unknown', 'followUp': '', 'competencies': {'technical': 0, 'clarity': 0, 'confidence': 0, 'conciseness': 0, 'engagement': 0}}"
69a5f416601bc72e02bfe900,2026-03-02 20:33:26.876000+00:00,57.0,,medium,jd,session_1772483489795_5mrlduu3r,69a5f370601bc72e02bfe8ae,69a5f370601bc72e02bfe8b3,50.0,0.0,100.0,50.0,0.0,21.0,0.0,0.0,0.0,0.0,0.0,True,"{'source': 'jd', 'persona': 'technical', 'teacherEvaluation': {'score': 60, 'feedback': 'The candidate showed a good understanding of the importance of data augmentation and preprocessing, but failed to provide a clear and detailed design for the model and the necessary steps to handle the varying resolutions and orientations.', 'competencies': {'technical': 40, 'clarity': 20, 'confidence': 30, 'conciseness': 10, 'engagement': 20}, 'status': None, 'followUpQuestion': None}, 'mlMetrics': {'confidence': 41, 'clarity': 63, 'engagement': 25, 'overall': 23, 'audioLevel': 3, 'isSpeaking': False, 'feedback': 'Listening for your voice... Please speak clearly.'}, 'videoFeedback': {'faceDetectionRate': 0.9100427784596261, 'avgEyeContact': 0.7573463139370875, 'avgSmile': 0.36224398002362934, 'confidence': 0.7573759064056882, 'stressLevel': 0.33077935396860236, 'engagement': 0.6670404362362997, 'postureScore': 0.8467536635899323, 'gestureScore': 0.7547300872961565, 'movementStability': 0.866118396378472, 'nervousness': 0.2616562576428955}, 'clientTimestamp': 1772483606857.0}","{'overallScore': 57, 'categoryScores': {'content': 21, 'delivery': 75, 'engagement': 70, 'professionalism': 80}, 'strengths': ['Good speaking pace and rhythm'], 'improvements': ['Structure responses using the STAR method (Situation, Task, Action, Result)'], 'recommendations': ['Practice recording yourself to improve self-awareness', 'Prepare structured examples using the STAR method', 'Research the company and role thoroughly before interviews'], 'nextSteps': ['Continue practicing interview responses with mock questions', 'Record mock interviews monthly to track progress'], 'feedback': '', 'status': 'unknown', 'followUp': '', 'competencies': {'technical': 0, 'clarity': 0, 'confidence': 0, 'conciseness': 0, 'engagement': 0}}"
69a6930a08b7d2757e327783,2026-03-03 07:51:38.440000+00:00,35.0,,medium,jd,session_1772524260781_ri6nhijf2,69a6928d08b7d2757e32775d,69a6928d08b7d2757e32775f,50.0,0.0,82.0,50.0,20.0,33.0,0.0,0.0,0.0,0.0,0.0,True,"{'source': 'jd', 'persona': 'technical', 'teacherEvaluation': {'score': 20, 'feedback': ""The response lacks clarity, structure, and technical accuracy. It's essential to provide a well-organized explanation of the deployment pipeline, considering the requirements of real-time object detection and edge device deployment."", 'competencies': {'technical': 10, 'clarity': 5, 'confidence': 5, 'conciseness': 5, 'engagement': 5}, 'status': None, 'followUpQuestion': None}, 'mlMetrics': {'confidence': 50, 'clarity': 100, 'engagement': 25, 'overall': 26, 'audioLevel': 3, 'isSpeaking': False, 'feedback': 'Listening for your voice... Please speak clearly.'}, 'videoFeedback': {'faceDetectionRate': 0, 'avgEyeContact': 0, 'avgSmile': 0, 'confidence': 0, 'stressLevel': 0, 'engagement': 0, 'postureScore': 0, 'gestureScore': 0, 'movementStability': 0, 'nervousness': 0}, 'clientTimestamp': 1772524298384.0, 'multimodalAnalysisSuccess': False, 'multimodalInput': {'hasAudio': False, 'hasVideo': False}}","{'overallScore': 35, 'categoryScores': {'content': 33, 'delivery': 75, 'engagement': 70, 'professionalism': 80}, 'strengths': ['Good speaking pace and rhythm'], 'improvements': ['Structure responses using the STAR method (Situation, Task, Action, Result)'], 'recommendations': ['Practice recording yourself to improve self-awareness', 'Prepare structured examples using the STAR method', 'Research the company and role thoroughly before interviews'], 'nextSteps': ['Continue practicing interview responses with mock questions', 'Record mock interviews monthly to track progress'], 'feedback': '', 'status': 'unknown', 'followUp': '', 'competencies': {'technical': 0, 'clarity': 0, 'confidence': 0, 'conciseness': 0, 'engagement': 0}}"
69a6932408b7d2757e32778e,2026-03-03 07:52:04.817000+00:00,35.0,,medium,jd,session_1772524260781_ri6nhijf2,69a6928d08b7d2757e32775d,69a6928d08b7d2757e327760,50.0,0.0,83.3,50.0,14.0,31.0,0.0,0.0,0.0,0.0,0.0,True,"{'source': 'jd', 'persona': 'technical', 'teacherEvaluation': {'score': 20, 'feedback': 'The candidate failed to provide a clear and structured response. They did not use the STAR method and lacked technical accuracy. The communication effectiveness was poor.', 'competencies': {'technical': 0, 'clarity': 10, 'confidence': 10, 'conciseness': 10, 'engagement': 10}, 'status': None, 'followUpQuestion': None}, 'mlMetrics': {'confidence': 44, 'clarity': 96, 'engagement': 25, 'overall': 28, 'audioLevel': 17, 'isSpeaking': True, 'feedback': 'Detecting speech, try to speak up.'}, 'videoFeedback': {'faceDetectionRate': 0.9115036693028671, 'avgEyeContact': 0.7196190940384892, 'avgSmile': 0.32707404680115265, 'confidence': 0.7297663175904573, 'stressLevel': 0.24518309043553652, 'engagement': 0.8194336486891871, 'postureScore': 0.7139088268391531, 'gestureScore': 0.6352604332650565, 'movementStability': 0.894553821756981, 'nervousness': 0.4104897449153546}, 'clientTimestamp': 1772524324801.0, 'multimodalAnalysisSuccess': False, 'multimodalInput': {'hasAudio': False, 'hasVideo': False}}","{'overallScore': 35, 'categoryScores': {'content': 31, 'delivery': 75, 'engagement': 70, 'professionalism': 80}, 'strengths': ['Good speaking pace and rhythm'], 'improvements': ['Structure responses using the STAR method (Situation, Task, Action, Result)'], 'recommendations': ['Practice recording yourself to improve self-awareness', 'Prepare structured examples using the STAR method', 'Research the company and role thoroughly before interviews'], 'nextSteps': ['Continue practicing interview responses with mock questions', 'Record mock interviews monthly to track progress'], 'feedback': '', 'status': 'unknown', 'followUp': '', 'competencies': {'technical': 0, 'clarity': 0, 'confidence': 0, 'conciseness': 0, 'engagement': 0}}"
69a6934908b7d2757e327799,2026-03-03 07:52:41.022000+00:00,53.0,,medium,jd,session_1772524260781_ri6nhijf2,69a6928d08b7d2757e32775d,69a6928d08b7d2757e327761,50.0,0.0,100.0,50.0,0.0,21.0,0.0,0.0,0.0,0.0,0.0,True,"{'source': 'jd', 'persona': 'technical', 'teacherEvaluation': {'score': 0, 'feedback': 'The candidate failed to provide a relevant response to the question.', 'competencies': {'technical': 0, 'clarity': 0, 'confidence': 0, 'conciseness': 0, 'engagement': 0}, 'status': None, 'followUpQuestion': None}, 'mlMetrics': {'confidence': 49, 'clarity': 100, 'engagement': 25, 'overall': 31, 'audioLevel': 54, 'isSpeaking': True, 'feedback': 'Excellent! Loud, clear voice detected.'}, 'videoFeedback': {'faceDetectionRate': 0, 'avgEyeContact': 0, 'avgSmile': 0, 'confidence': 0, 'stressLevel': 0, 'engagement': 0, 'postureScore': 0, 'gestureScore': 0, 'movementStability': 0, 'nervousness': 0}, 'clientTimestamp': 1772524361004.0, 'multimodalAnalysisSuccess': False, 'multimodalInput': {'hasAudio': False, 'hasVideo': False}}","{'overallScore': 53, 'categoryScores': {'content': 21, 'delivery': 75, 'engagement': 70, 'professionalism': 80}, 'strengths': ['Good speaking pace and rhythm'], 'improvements': ['Structure responses using the STAR method (Situation, Task, Action, Result)'], 'recommendations': ['Practice recording yourself to improve self-awareness', 'Prepare structured examples using the STAR method', 'Research the company and role thoroughly before interviews'], 'nextSteps': ['Continue practicing interview responses with mock questions', 'Record mock interviews monthly to track progress'], 'feedback': '', 'status': 'unknown', 'followUp': '', 'competencies': {'technical': 0, 'clarity': 0, 'confidence': 0, 'conciseness': 0, 'engagement': 0}}"
69a6936908b7d2757e3277a4,2026-03-03 07:53:13.690000+00:00,57.0,,medium,jd,session_1772524260781_ri6nhijf2,69a6928d08b7d2757e32775d,69a6928d08b7d2757e327763,50.0,0.0,100.0,50.0,0.0,21.0,0.0,0.0,0.0,0.0,0.0,True,"{'source': 'jd', 'persona': 'technical', 'teacherEvaluation': {'score': 60, 'feedback': 'Candidate needs to provide more concrete details and a clear plan for optimizing the model. They should also consider potential risks and trade-offs associated with the chosen techniques.', 'competencies': {'technical': 40, 'clarity': 20, 'confidence': 30, 'conciseness': 50, 'engagement': 20}, 'status': None, 'followUpQuestion': None}, 'mlMetrics': {'confidence': 48, 'clarity': 100, 'engagement': 25, 'overall': 47, 'audioLevel': 26, 'isSpeaking': True, 'feedback': 'No face detected. Position yourself in front of camera.'}, 'videoFeedback': {'faceDetectionRate': 0, 'avgEyeContact': 0, 'avgSmile': 0, 'confidence': 0, 'stressLevel': 0, 'engagement': 0, 'postureScore': 0, 'gestureScore': 0, 'movementStability': 0, 'nervousness': 0}, 'clientTimestamp': 1772524393671.0, 'multimodalAnalysisSuccess': False, 'multimodalInput': {'hasAudio': False, 'hasVideo': False}}","{'overallScore': 57, 'categoryScores': {'content': 21, 'delivery': 75, 'engagement': 70, 'professionalism': 80}, 'strengths': ['Good speaking pace and rhythm'], 'improvements': ['Structure responses using the STAR method (Situation, Task, Action, Result)'], 'recommendations': ['Practice recording yourself to improve self-awareness', 'Prepare structured examples using the STAR method', 'Research the company and role thoroughly before interviews'], 'nextSteps': ['Continue practicing interview responses with mock questions', 'Record mock interviews monthly to track progress'], 'feedback': '', 'status': 'unknown', 'followUp': '', 'competencies': {'technical': 0, 'clarity': 0, 'confidence': 0, 'conciseness': 0, 'engagement': 0}}"
69a696a008b7d2757e3277bf,2026-03-03 08:06:56.321000+00:00,48.0,,medium,live,,,,50.0,50.0,76.4,50.0,0.0,38.0,0.0,0.0,0.0,0.0,0.0,False,"{'source': 'live', 'persona': 'technical', 'teacherEvaluation': {'score': 40, 'feedback': 'The candidate attempted to explain the concepts, but their response was unclear and lacked a structured approach. They also failed to provide a clear definition of underfitting and overfitting.', 'competencies': {'technical': 20, 'clarity': 10, 'confidence': 20, 'conciseness': 10, 'engagement': 20}, 'status': None, 'followUpQuestion': None}, 'mlMetrics': {'confidence': 56, 'clarity': 100, 'engagement': 25, 'overall': 36, 'audioLevel': 83, 'isSpeaking': True, 'feedback': 'Excellent! Loud, clear voice detected.'}, 'videoFeedback': {'faceDetectionRate': 0, 'avgEyeContact': 0, 'avgSmile': 0, 'confidence': 0, 'stressLevel': 0, 'engagement': 0, 'postureScore': 0, 'gestureScore': 0, 'movementStability': 0, 'nervousness': 0}, 'clientTimestamp': 1772525216313.0, 'multimodalAnalysisSuccess': False, 'multimodalInput': {'hasAudio': False, 'hasVideo': False}}","{'overallScore': 48, 'categoryScores': {'content': 38, 'delivery': 75, 'engagement': 70, 'professionalism': 80}, 'strengths': ['Good speaking pace and rhythm'], 'improvements': [], 'recommendations': ['Practice recording yourself to improve self-awareness', 'Prepare structured examples using the STAR method', 'Research the company and role thoroughly before interviews'], 'nextSteps': ['Continue practicing interview responses with mock questions', 'Record mock interviews monthly to track progress'], 'feedback': '', 'status': 'unknown', 'followUp': '', 'competencies': {'technical': 0, 'clarity': 0, 'confidence': 0, 'conciseness': 0, 'engagement': 0}}"
69a696be08b7d2757e3277c8,2026-03-03 08:07:26.123000+00:00,47.0,,medium,live,,,,50.0,0.0,75.0,50.0,0.0,30.0,0.0,0.0,0.0,0.0,0.0,False,"{'source': 'live', 'persona': 'technical', 'teacherEvaluation': {'score': 40, 'feedback': 'The candidate has some knowledge of regularization but needs to improve their explanation and technical accuracy.', 'competencies': {'technical': 20, 'clarity': 10, 'confidence': 20, 'conciseness': 10, 'engagement': 20}, 'status': None, 'followUpQuestion': None}, 'mlMetrics': {'confidence': 56, 'clarity': 97, 'engagement': 25, 'overall': 36, 'audioLevel': 53, 'isSpeaking': True, 'feedback': 'Excellent! Loud, clear voice detected.'}, 'videoFeedback': {'faceDetectionRate': 0.9149771824985997, 'avgEyeContact': 0.6503824155777218, 'avgSmile': 0.4426718377243407, 'confidence': 0.6219375995986833, 'stressLevel': 0.3479025420792608, 'engagement': 0.7474982119036684, 'postureScore': 0.8109647479910046, 'gestureScore': 0.693836348338594, 'movementStability': 0.8703892088413527, 'nervousness': 0.3349344317250569}, 'clientTimestamp': 1772525246117.0, 'multimodalAnalysisSuccess': False, 'multimodalInput': {'hasAudio': False, 'hasVideo': False}}","{'overallScore': 47, 'categoryScores': {'content': 30, 'delivery': 75, 'engagement': 70, 'professionalism': 80}, 'strengths': ['Good speaking pace and rhythm'], 'improvements': ['Structure responses using the STAR method (Situation, Task, Action, Result)'], 'recommendations': ['Practice recording yourself to improve self-awareness', 'Prepare structured examples using the STAR method', 'Research the company and role thoroughly before interviews'], 'nextSteps': ['Continue practicing interview responses with mock questions', 'Record mock interviews monthly to track progress'], 'feedback': '', 'status': 'unknown', 'followUp': '', 'competencies': {'technical': 0, 'clarity': 0, 'confidence': 0, 'conciseness': 0, 'engagement': 0}}"
69a696dc08b7d2757e3277d1,2026-03-03 08:07:56.980000+00:00,53.0,,medium,live,,,,50.0,0.0,100.0,50.0,0.0,21.0,0.0,0.0,0.0,0.0,0.0,False,"{'source': 'live', 'persona': 'technical', 'teacherEvaluation': {'score': 0, 'feedback': 'The response is incomplete and does not address the question.', 'competencies': {'technical': 0, 'clarity': 0, 'confidence': 0, 'conciseness': 0, 'engagement': 0}, 'status': None, 'followUpQuestion': None}, 'mlMetrics': {'confidence': 49, 'clarity': 97, 'engagement': 25, 'overall': 26, 'audioLevel': 3, 'isSpeaking': False, 'feedback': 'Listening for your voice... Please speak clearly.'}, 'videoFeedback': {'faceDetectionRate': 0.956534243481594, 'avgEyeContact': 0.6805754783519528, 'avgSmile': 0.44208291012587914, 'confidence': 0.6475141821837525, 'stressLevel': 0.20892535652636174, 'engagement': 0.5863183169978186, 'postureScore': 0.7743380351528448, 'gestureScore': 0.5943647958845435, 'movementStability': 0.8707109952851135, 'nervousness': 0.33685143463441264}, 'clientTimestamp': 1772525276971.0, 'multimodalAnalysisSuccess': False, 'multimodalInput': {'hasAudio': False, 'hasVideo': False}}","{'overallScore': 53, 'categoryScores': {'content': 21, 'delivery': 75, 'engagement': 70, 'professionalism': 80}, 'strengths': ['Good speaking pace and rhythm'], 'improvements': ['Structure responses using the STAR method (Situation, Task, Action, Result)'], 'recommendations': ['Practice recording yourself to improve self-awareness', 'Prepare structured examples using the STAR method', 'Research the company and role thoroughly before interviews'], 'nextSteps': ['Continue practicing interview responses with mock questions', 'Record mock interviews monthly to track progress'], 'feedback': '', 'status': 'unknown', 'followUp': '', 'competencies': {'technical': 0, 'clarity': 0, 'confidence': 0, 'conciseness': 0, 'engagement': 0}}"
69a697a361e2269b63d27403,2026-03-03 08:11:15.947000+00:00,47.0,,medium,live,,,,50.0,0.0,85.0,50.0,0.0,30.0,0.0,0.0,0.0,0.0,0.0,False,"{'source': 'live', 'persona': 'technical', 'teacherEvaluation': {'score': 40, 'feedback': ""The candidate started to explain the difference between linear and logistic regression but failed to provide a clear and complete response. They mentioned the purpose of linear regression but didn't accurately describe the relationship between the independent and dependent variables. Additionally, they didn't provide a clear explanation of logistic regression."", 'competencies': {'technical': 20, 'clarity': 30, 'confidence': 40, 'conciseness': 20, 'engagement': 30}, 'status': None, 'followUpQuestion': None}, 'mlMetrics': {'confidence': 57, 'clarity': 97, 'engagement': 25, 'overall': 37, 'audioLevel': 37, 'isSpeaking': True, 'feedback': 'Good. Confident voice detected.'}, 'videoFeedback': {'faceDetectionRate': 0, 'avgEyeContact': 0, 'avgSmile': 0, 'confidence': 0, 'stressLevel': 0, 'engagement': 0, 'postureScore': 0, 'gestureScore': 0, 'movementStability': 0, 'nervousness': 0}, 'clientTimestamp': 1772525475924.0, 'multimodalAnalysisSuccess': False, 'multimodalInput': {'hasAudio': False, 'hasVideo': False}}","{'overallScore': 47, 'categoryScores': {'content': 30, 'delivery': 75, 'engagement': 70, 'professionalism': 80}, 'strengths': ['Good speaking pace and rhythm'], 'improvements': ['Structure responses using the STAR method (Situation, Task, Action, Result)'], 'recommendations': ['Practice recording yourself to improve self-awareness', 'Prepare structured examples using the STAR method', 'Research the company and role thoroughly before interviews'], 'nextSteps': ['Continue practicing interview responses with mock questions', 'Record mock interviews monthly to track progress'], 'feedback': '', 'status': 'unknown', 'followUp': '', 'competencies': {'technical': 0, 'clarity': 0, 'confidence': 0, 'conciseness': 0, 'engagement': 0}}"
69a697c361e2269b63d2740c,2026-03-03 08:11:47.874000+00:00,48.0,,medium,live,,,,50.0,75.0,75.4,50.0,0.0,41.0,0.0,0.0,0.0,0.0,0.0,False,"{'source': 'live', 'persona': 'technical', 'teacherEvaluation': {'score': 40, 'feedback': 'The candidate attempted to explain overfitting, but their response was unclear, lacked structure, and contained technical inaccuracies. They also failed to provide a clear and concise explanation.', 'competencies': {'technical': 20, 'clarity': 10, 'confidence': 20, 'conciseness': 0, 'engagement': 30}, 'status': None, 'followUpQuestion': None}, 'mlMetrics': {'confidence': 51, 'clarity': 89, 'engagement': 25, 'overall': 33, 'audioLevel': 84, 'isSpeaking': True, 'feedback': 'Excellent! Loud, clear voice detected.'}, 'videoFeedback': {'faceDetectionRate': 0.9945251914427028, 'avgEyeContact': 0.6590887404861356, 'avgSmile': 0.45323752446481924, 'confidence': 0.8290413000086474, 'stressLevel': 0.2424681069666274, 'engagement': 0.5564519162439339, 'postureScore': 0.7994379580702615, 'gestureScore': 0.78704072905854, 'movementStability': 0.8882746791260023, 'nervousness': 0.3340506661160906}, 'clientTimestamp': 1772525507865.0, 'multimodalAnalysisSuccess': False, 'multimodalInput': {'hasAudio': False, 'hasVideo': False}}","{'overallScore': 48, 'categoryScores': {'content': 41, 'delivery': 75, 'engagement': 70, 'professionalism': 80}, 'strengths': ['Well-structured response using professional storytelling methods', 'Good speaking pace and rhythm'], 'improvements': [], 'recommendations': ['Practice recording yourself to improve self-awareness', 'Prepare structured examples using the STAR method', 'Research the company and role thoroughly before interviews'], 'nextSteps': ['Continue practicing interview responses with mock questions', 'Record mock interviews monthly to track progress'], 'feedback': '', 'status': 'unknown', 'followUp': '', 'competencies': {'technical': 0, 'clarity': 0, 'confidence': 0, 'conciseness': 0, 'engagement': 0}}"
69a697de61e2269b63d27415,2026-03-03 08:12:14.559000+00:00,27.0,,medium,live,,,,50.0,0.0,100.0,50.0,0.0,21.0,0.0,0.0,0.0,0.0,0.0,False,"{'source': 'live', 'persona': 'technical', 'teacherEvaluation': {'score': 10, 'feedback': 'The response is extremely brief and lacks any relevant information. The candidate failed to address the question and provide a clear explanation.', 'competencies': {'technical': 0, 'clarity': 0, 'confidence': 0, 'conciseness': 0, 'engagement': 0}, 'status': None, 'followUpQuestion': None}, 'mlMetrics': {'confidence': 44, 'clarity': 98, 'engagement': 25, 'overall': 24, 'audioLevel': 3, 'isSpeaking': False, 'feedback': 'Listening for your voice... Please speak clearly.'}, 'videoFeedback': {'faceDetectionRate': 0.9299025447895932, 'avgEyeContact': 0.6873142901425735, 'avgSmile': 0.4427662084755115, 'confidence': 0.6980577378323707, 'stressLevel': 0.3444161846364189, 'engagement': 0.6295503268258551, 'postureScore': 0.8654271729273216, 'gestureScore': 0.5179339794068151, 'movementStability': 0.871726574668496, 'nervousness': 0.2705627733932625}, 'clientTimestamp': 1772525534548.0, 'multimodalAnalysisSuccess': False, 'multimodalInput': {'hasAudio': False, 'hasVideo': False}}","{'overallScore': 27, 'categoryScores': {'content': 21, 'delivery': 75, 'engagement': 70, 'professionalism': 80}, 'strengths': ['Good speaking pace and rhythm'], 'improvements': ['Structure responses using the STAR method (Situation, Task, Action, Result)'], 'recommendations': ['Practice recording yourself to improve self-awareness', 'Prepare structured examples using the STAR method', 'Research the company and role thoroughly before interviews'], 'nextSteps': ['Continue practicing interview responses with mock questions', 'Record mock interviews monthly to track progress'], 'feedback': '', 'status': 'unknown', 'followUp': '', 'competencies': {'technical': 0, 'clarity': 0, 'confidence': 0, 'conciseness': 0, 'engagement': 0}}"
69a697e261e2269b63d2741e,2026-03-03 08:12:18.880000+00:00,57.0,,medium,live,,,,50.0,0.0,100.0,50.0,0.0,21.0,0.0,0.0,0.0,0.0,0.0,False,"{'source': 'live', 'persona': 'technical', 'teacherEvaluation': {'score': 60, 'feedback': 'The candidate shows some understanding of the bias-variance tradeoff, but could benefit from providing more concrete examples and a clearer explanation.', 'competencies': {'technical': 50, 'clarity': 30, 'confidence': 40, 'conciseness': 20, 'engagement': 30}, 'status': None, 'followUpQuestion': None}, 'mlMetrics': {'confidence': 43, 'clarity': 100, 'engagement': 25, 'overall': 24, 'audioLevel': 3, 'isSpeaking': False, 'feedback': 'Listening for your voice... Please speak clearly.'}, 'videoFeedback': {'faceDetectionRate': 0.9395814304196164, 'avgEyeContact': 0.7575413990110755, 'avgSmile': 0.4963483521498081, 'confidence': 0.6297008246061688, 'stressLevel': 0.2832295768783141, 'engagement': 0.5931545663948898, 'postureScore': 0.8163738483509715, 'gestureScore': 0.5195642339385662, 'movementStability': 0.8687996296413252, 'nervousness': 0.27354567981501426}, 'clientTimestamp': 1772525538872.0, 'multimodalAnalysisSuccess': False, 'multimodalInput': {'hasAudio': False, 'hasVideo': False}}","{'overallScore': 57, 'categoryScores': {'content': 21, 'delivery': 75, 'engagement': 70, 'professionalism': 80}, 'strengths': ['Good speaking pace and rhythm'], 'improvements': ['Structure responses using the STAR method (Situation, Task, Action, Result)'], 'recommendations': ['Practice recording yourself to improve self-awareness', 'Prepare structured examples using the STAR method', 'Research the company and role thoroughly before interviews'], 'nextSteps': ['Continue practicing interview responses with mock questions', 'Record mock interviews monthly to track progress'], 'feedback': '', 'status': 'unknown', 'followUp': '', 'competencies': {'technical': 0, 'clarity': 0, 'confidence': 0, 'conciseness': 0, 'engagement': 0}}"
69a69c8912d240696aeb9760,2026-03-03 08:32:09.101000+00:00,47.0,,medium,live,,,,50.0,0.0,81.0,50.0,0.0,31.0,0.0,0.0,0.0,0.0,0.0,False,"{'source': 'live', 'persona': 'technical', 'teacherEvaluation': {'score': 40, 'feedback': ""The candidate's response was unclear and lacked a structured approach. They failed to provide a comprehensive explanation of the primary difference between neural networks and decision trees."", 'competencies': {'technical': 20, 'clarity': 10, 'confidence': 30, 'conciseness': 20, 'engagement': 20}, 'status': None, 'followUpQuestion': None}, 'mlMetrics': {'confidence': 48, 'clarity': 100, 'engagement': 25, 'overall': 31, 'audioLevel': 61, 'isSpeaking': True, 'feedback': 'Excellent! Loud, clear voice detected.'}, 'videoFeedback': {'faceDetectionRate': 0, 'avgEyeContact': 0, 'avgSmile': 0, 'confidence': 0, 'stressLevel': 0, 'engagement': 0, 'postureScore': 0, 'gestureScore': 0, 'movementStability': 0, 'nervousness': 0}, 'clientTimestamp': 1772526708913.0, 'multimodalAnalysisSuccess': True, 'multimodalInput': {'hasAudio': True, 'hasVideo': False}}","{'overallScore': 47, 'categoryScores': {'content': 31, 'delivery': 75, 'engagement': 70, 'professionalism': 80}, 'strengths': ['Good speaking pace and rhythm'], 'improvements': ['Structure responses using the STAR method (Situation, Task, Action, Result)'], 'recommendations': ['Practice recording yourself to improve self-awareness', 'Prepare structured examples using the STAR method', 'Research the company and role thoroughly before interviews'], 'nextSteps': ['Continue practicing interview responses with mock questions', 'Record mock interviews monthly to track progress'], 'feedback': '', 'status': 'unknown', 'followUp': '', 'competencies': {'technical': 0, 'clarity': 0, 'confidence': 0, 'conciseness': 0, 'engagement': 0}}"
69a69c9d12d240696aeb9769,2026-03-03 08:32:29.846000+00:00,48.0,,medium,live,,,,50.0,50.0,81.6,50.0,13.0,38.0,0.0,0.0,0.0,0.0,0.0,False,"{'source': 'live', 'persona': 'technical', 'teacherEvaluation': {'score': 40, 'feedback': ""The candidate's response is brief and lacks a clear explanation of overfitting. They also fail to provide a method to mitigate it."", 'competencies': {'technical': 20, 'clarity': 10, 'confidence': 30, 'conciseness': 50, 'engagement': 20}, 'status': None, 'followUpQuestion': None}, 'mlMetrics': {'confidence': 53, 'clarity': 100, 'engagement': 25, 'overall': 27, 'audioLevel': 5, 'isSpeaking': False, 'feedback': 'Listening for your voice... Please speak clearly.'}, 'videoFeedback': {'faceDetectionRate': 0.9132417903091762, 'avgEyeContact': 0.8085462139316708, 'avgSmile': 0.2652190932372419, 'confidence': 0.7419469328144256, 'stressLevel': 0.28319010818033163, 'engagement': 0.662829361249197, 'postureScore': 0.7161199627602992, 'gestureScore': 0.6313636982453043, 'movementStability': 0.8184362728947028, 'nervousness': 0.3666054086391627}, 'clientTimestamp': 1772526741133.0, 'multimodalAnalysisSuccess': True, 'multimodalInput': {'hasAudio': True, 'hasVideo': False}}","{'overallScore': 48, 'categoryScores': {'content': 38, 'delivery': 75, 'engagement': 70, 'professionalism': 80}, 'strengths': ['Good speaking pace and rhythm'], 'improvements': [], 'recommendations': ['Practice recording yourself to improve self-awareness', 'Prepare structured examples using the STAR method', 'Research the company and role thoroughly before interviews'], 'nextSteps': ['Continue practicing interview responses with mock questions', 'Record mock interviews monthly to track progress'], 'feedback': '', 'status': 'unknown', 'followUp': '', 'competencies': {'technical': 0, 'clarity': 0, 'confidence': 0, 'conciseness': 0, 'engagement': 0}}"
69a69cba12d240696aeb9775,2026-03-03 08:32:58.472000+00:00,34.0,,medium,live,,,,50.0,0.0,100.0,50.0,0.0,24.0,0.0,0.0,0.0,0.0,0.0,False,"{'source': 'live', 'persona': 'technical', 'teacherEvaluation': {'score': 20, 'feedback': 'The response lacks clarity and structure. It does not address the question directly.', 'competencies': {'technical': 0, 'clarity': 0, 'confidence': 0, 'conciseness': 0, 'engagement': 0}, 'status': None, 'followUpQuestion': None}, 'mlMetrics': {'confidence': 43, 'clarity': 100, 'engagement': 25, 'overall': 23, 'audioLevel': 3, 'isSpeaking': False, 'feedback': 'Listening for your voice... Please speak clearly.'}, 'videoFeedback': {'faceDetectionRate': 0.946754757722943, 'avgEyeContact': 0.7006627157054187, 'avgSmile': 0.31699521876556014, 'confidence': 0.7072274621164233, 'stressLevel': 0.32052537755811317, 'engagement': 0.8259274087061731, 'postureScore': 0.7648235578768526, 'gestureScore': 0.5391921400208929, 'movementStability': 0.7959281534103902, 'nervousness': 0.36355901626573517}, 'clientTimestamp': 1772526769611.0, 'multimodalAnalysisSuccess': True, 'multimodalInput': {'hasAudio': True, 'hasVideo': False}}","{'overallScore': 34, 'categoryScores': {'content': 24, 'delivery': 75, 'engagement': 70, 'professionalism': 80}, 'strengths': ['Good speaking pace and rhythm'], 'improvements': ['Structure responses using the STAR method (Situation, Task, Action, Result)'], 'recommendations': ['Practice recording yourself to improve self-awareness', 'Prepare structured examples using the STAR method', 'Research the company and role thoroughly before interviews'], 'nextSteps': ['Continue practicing interview responses with mock questions', 'Record mock interviews monthly to track progress'], 'feedback': '', 'status': 'unknown', 'followUp': '', 'competencies': {'technical': 0, 'clarity': 0, 'confidence': 0, 'conciseness': 0, 'engagement': 0}}"
69a6aa4b50f8d8b42b9d78c2,2026-03-03 09:30:51.413000+00:00,34.0,,medium,practice,,,,50.0,0.0,100.0,50.0,0.0,22.0,0.0,0.0,0.0,0.0,0.0,False,"{'source': 'practice', 'teacherEvaluation': {'score': 20, 'feedback': ""The response is very brief and lacks any substantial information about the candidate's background or experience."", 'competencies': {'technical': 0, 'clarity': 0, 'confidence': 0, 'conciseness': 0, 'engagement': 0}, 'status': None, 'followUpQuestion': None}, 'clientTimestamp': 1772530251387.0, 'multimodalAnalysisSuccess': False, 'multimodalInput': {'hasAudio': False, 'hasVideo': False}}","{'overallScore': 34, 'categoryScores': {'content': 22, 'delivery': 75, 'engagement': 70, 'professionalism': 80}, 'strengths': ['Good speaking pace and rhythm'], 'improvements': ['Structure responses using the STAR method (Situation, Task, Action, Result)'], 'recommendations': ['Practice recording yourself to improve self-awareness', 'Prepare structured examples using the STAR method', 'Research the company and role thoroughly before interviews'], 'nextSteps': ['Continue practicing interview responses with mock questions', 'Record mock interviews monthly to track progress'], 'feedback': '', 'status': 'unknown', 'followUp': '', 'competencies': {'technical': 0, 'clarity': 0, 'confidence': 0, 'conciseness': 0, 'engagement': 0}}"
69a6aa7f50f8d8b42b9d78de,2026-03-03 09:31:43.541000+00:00,34.0,,medium,practice,,,,50.0,0.0,100.0,0.0,0.0,23.0,0.0,0.0,0.0,0.0,0.0,False,"{'source': 'practice', 'teacherEvaluation': {'score': 20, 'feedback': ""The response is brief and lacks details about the candidate's background, experience, and achievements. It's essential to provide a clear and concise overview of oneself to make a good impression."", 'competencies': {'technical': 0, 'clarity': 40, 'confidence': 20, 'conciseness': 20, 'engagement': 0}, 'status': None, 'followUpQuestion': None}, 'clientTimestamp': 1772530303526.0, 'multimodalAnalysisSuccess': False, 'multimodalInput': {'hasAudio': False, 'hasVideo': False}}","{'overallScore': 34, 'categoryScores': {'content': 23, 'delivery': 75, 'engagement': 70, 'professionalism': 80}, 'strengths': ['Good speaking pace and rhythm'], 'improvements': ['Structure responses using the STAR method (Situation, Task, Action, Result)'], 'recommendations': ['Practice recording yourself to improve self-awareness', 'Prepare structured examples using the STAR method', 'Research the company and role thoroughly before interviews'], 'nextSteps': ['Continue practicing interview responses with mock questions', 'Record mock interviews monthly to track progress'], 'feedback': '', 'status': 'unknown', 'followUp': '', 'competencies': {'technical': 0, 'clarity': 0, 'confidence': 0, 'conciseness': 0, 'engagement': 0}}"
69a6d0dd0ccac5246bd3b9ef,2026-03-03 12:15:25.679000+00:00,34.0,,medium,practice,,,,50.0,0.0,100.0,50.0,0.0,22.0,0.0,0.0,0.0,0.0,0.0,False,"{'source': 'practice', 'teacherEvaluation': {'score': 20, 'feedback': 'The candidate failed to provide a clear and concise introduction about themselves, which is a crucial aspect of a job interview.', 'competencies': {'technical': 0, 'clarity': 10, 'confidence': 10, 'conciseness': 0, 'engagement': 10}, 'status': None, 'followUpQuestion': None}, 'clientTimestamp': 1772540125668.0, 'multimodalAnalysisSuccess': False, 'multimodalInput': {'hasAudio': False, 'hasVideo': False}}","{'overallScore': 34, 'categoryScores': {'content': 22, 'delivery': 75, 'engagement': 70, 'professionalism': 80}, 'strengths': ['Good speaking pace and rhythm'], 'improvements': ['Structure responses using the STAR method (Situation, Task, Action, Result)'], 'recommendations': ['Practice recording yourself to improve self-awareness', 'Prepare structured examples using the STAR method', 'Research the company and role thoroughly before interviews'], 'nextSteps': ['Continue practicing interview responses with mock questions', 'Record mock interviews monthly to track progress'], 'feedback': '', 'status': 'unknown', 'followUp': '', 'competencies': {'technical': 0, 'clarity': 0, 'confidence': 0, 'conciseness': 0, 'engagement': 0}}"
69aba9e95903f1c8aaf1217f,2026-03-07 04:30:33.634000+00:00,27.0,,medium,live,,,,50.0,0.0,100.0,50.0,0.0,22.0,0.0,0.0,0.0,0.0,0.0,False,"{'source': 'live', 'persona': 'technical', 'teacherEvaluation': {'score': 0, 'feedback': 'The response does not address the question and seems to be unrelated to the topic.', 'competencies': {'technical': 0, 'clarity': 0, 'confidence': 0, 'conciseness': 0, 'engagement': 0}, 'status': None, 'followUpQuestion': None}, 'mlMetrics': {'confidence': 48, 'clarity': 73, 'engagement': 83, 'overall': 72, 'audioLevel': 43, 'isSpeaking': True, 'feedback': 'Excellent! Loud, clear voice detected.'}, 'videoFeedback': {'faceDetectionRate': 0, 'avgEyeContact': 0, 'avgSmile': 0, 'confidence': 0, 'stressLevel': 0, 'engagement': 0, 'postureScore': 0, 'gestureScore': 0, 'movementStability': 0, 'nervousness': 0}, 'clientTimestamp': 1772857824671.0, 'multimodalAnalysisSuccess': False, 'multimodalInput': {'hasAudio': True, 'hasVideo': True}, 'scoreBreakdown': {'multimodalScore': 54, 'teacherScore': None, 'llmScore': 0, 'blend': [{'label': 'multimodal', 'score': 54, 'weight': 0.5}, {'label': 'llm', 'score': 0, 'weight': 0.5}]}}","{'overallScore': 27, 'categoryScores': {'content': 22, 'delivery': 75, 'engagement': 70, 'professionalism': 80}, 'strengths': ['Good speaking pace and rhythm'], 'improvements': ['Structure responses using the STAR method (Situation, Task, Action, Result)'], 'recommendations': ['Practice recording yourself to improve self-awareness', 'Prepare structured examples using the STAR method', 'Research the company and role thoroughly before interviews'], 'nextSteps': ['Continue practicing interview responses with mock questions', 'Record mock interviews monthly to track progress'], 'feedback': '', 'status': 'unknown', 'followUp': '', 'competencies': {'technical': 0, 'clarity': 0, 'confidence': 0, 'conciseness': 0, 'engagement': 0}}"
